Código de Acesso,F0101,F0102,F0103,F0104,F0201,Cor0202,F0203,Cor0204,F0205,Cor0206,F0207,Cor0208,Cor0209Outro,L0210 (não likert),F0299 - Explicação Tempo,Q0401,Q0402,Q0403,T0404,Q0405,Q0406,Q0407,T0408,Q0409,Q0410,Q0411,T0412,Q0413,Q0414,Q0415,T0498,T0499 - Explicação Tempo,P01,T01,P02,T02,P03,T03,P05,T05,P09,T09,P12,T12,P15,T15,PTempoTotal,PTempoTotalExpl,QtdComida,QtdPessoas,QtdSom,GameTempoTotal,QtdDormir,QtdHorasDormi,QtdHorasSono,Acordar,F0705,F0706,F0707,F0708,F0709,F0710,F0711,F0712,F0713,F1101,F1102,F1103,F1104,F1105,Tempo1106,F1107,Tempo1108,F1109,Tempo1110,F1111,Tempo1112,TempoTotal11,T1199Expl,Q1201,Q1202,Q1203,T1204,T1205Expl,Q1206,Q1207,Q1208,Q1209,T1210Expl,P04,P08,P10,P12.1,P02.1,P03.1,P07,P09.1,P13,T04,T08,T10,T12.1,T02.1,T03.1,T07,T09.1,T13,TempoTotal,TempoTotalExpl,Data/Hora Último,Target1,Target2,Target3
JDOLSME75EKO,1,0,0.47058823529411764,3,1,FFFFFF,8,FFFFFF,2,FFFFFF,FFFFFF,FFFFFF,FFFFFF,0,,10,1,9,69.602,5,4,9,47.394,8,1,9,0.0,23,6,27,116.996,10.0,2.0,10.982,2.0,15.163,2.0,9.234,2.0,9.016,1.0,21.461,4.0,6.286,1.0,64.242,136.384,,2,1,1,20.782,1,1,2,3,4,3,1,1,4,3,3,3,1,1,8.416,3,4.527,2,8.789,2,8.055,2,3.509,3,2.432,35.728,,0.0,0.0,24.0,65.946,,0.0,0.0,24.0,110.471,,5.0,5.0,5.0,5.0,5.0,1.0,1.0,5.0,1.0,5.965,4.424,6.867,6.15,5.515,8.2,7.582,5.25,5.567,79.517,,12/09/2025 11:42:59,26.923,19.048,54.286
CM3DF3GCO8KV,3,1,0.47058823529411764,3,2,BE845A,3,5B2600,2,FFFFFF,FFFFFF,262626,474747,0,,2,1,17,10.983,2,1,12,7.45,1,2,16,17.116,5,4,45,35.549,,2.0,34.999,1.0,6.649,4.0,9.55,4.0,20.901,1.0,10.217,1.0,9.881,1.0,23.115,115.312,,2,1,3,25.732,2,2,2,3,3,3,3,3,3,3,2,2,3,2,7.234,3,6.197,2,1.9,4,4.8,2,3.605,4,7.124,30.86,,2.0,0.0,24.0,141.18,,7.0,0.0,24.0,203.626,,5.0,5.0,1.0,5.0,5.0,1.0,1.0,5.0,5.0,5.436,3.09,7.055,1.466,3.562,11.683,6.514,15.82,6.274,84.976,,12/09/2025 11:42:13,53.846,47.619,71.429
CX7MQGTPWBVF,3,0,0.47058823529411764,2,5,FFFFFF,8,FFFFFF,2,FFFFFF,FFFFFF,FFFFFF,FFFFFF,5,,3,1,16,24.565,3,0,11,6.867,3,0,14,8.749,9,1,41,40.181,,3.0,3.866,3.0,7.183,4.0,7.533,4.0,7.766,4.0,8.066,4.0,6.617,4.0,6.916,47.947,,3,2,3,34.665,2,3,2,5,5,5,5,5,5,5,5,4,1,4,12.712,4,2.479,4,3.098,4,2.798,4,1.732,4,3.833,26.652,,2.0,0.0,24.0,64.513,,2.0,0.0,24.0,145.544,,5.0,5.0,5.0,5.0,5.0,5.0,5.0,5.0,5.0,5.9,4.5,7.466,6.433,7.766,7.216,6.683,7.849,6.566,82.946,,12/09/2025 11:40:41,11.538,4.762,77.143
GXZ25RE8L9UB,1,1,0.5294117647058824,1,0,CB869F,3,7F0D0D,2,41641F,000000,64451F,F2F2F2,0,,2,4,17,55.815,1,5,13,60.465,2,1,15,26.766,5,10,45,143.046,,4.0,5.616,3.0,13.083,2.0,6.416,4.0,40.615,3.0,22.283,4.0,9.383,4.0,15.766,113.162,,2,2,2,23.999,2,3,2,5,5,5,5,5,5,5,5,5,1,4,4.8,4,4.7,4,7.9,4,8.63,4,5.1,4,2.3,33.43,,3.0,0.0,24.0,133.863,,3.0,0.0,24.0,220.758,,5.0,5.0,5.0,5.0,5.0,5.0,1.0,5.0,5.0,4.167,3.85,8.449,3.517,6.698,8.265,7.234,5.451,7.716,80.363,,12/09/2025 11:37:18,15.385,47.619,85.714
1XSEM93HBL1W,2,0,0.47058823529411764,4,4,DEC29E,11,FFFFFF,2,FFFFFF,FFFFFF,FFFFFF,FFFFFF,5,,1,0,18,18.846,1,1,13,11.094,0,0,17,3.691,2,1,48,33.631,,3.0,32.667,3.0,25.008,4.0,15.42,3.0,51.616,3.0,14.235,4.0,10.674,4.0,12.208,161.828,,2,2,3,58.177,2,3,2,5,5,5,5,5,5,5,5,5,1,4,4.2,4,1.9,4,1.1,4,0.5,4,1.6,4,0.3,9.6,,2.0,0.0,24.0,72.215,,7.0,0.0,24.0,154.672,,5.0,5.0,1.0,5.0,5.0,5.0,5.0,5.0,5.0,6.378,4.047,13.839,7.228,10.558,6.844,9.674,8.843,9.127,98.888,,12/09/2025 11:34:20,0.0,0.0,65.714
21QPOX7EK9GB,3,0,0.5294117647058824,3,3,FACA7D,8,000000,2,8F8678,000000,000000,010100,0,,3,0,16,25.913,0,3,14,30.279,2,1,15,12.034,5,4,45,68.226,,3.0,3.316,3.0,9.383,4.0,5.633,4.0,14.382,4.0,10.148,4.0,7.183,3.0,8.199,58.244,,2,1,1,25.597,1,2,2,5,5,5,5,5,5,5,5,5,1,4,19.459,4,2.697,2,5.899,3,1.597,4,1.277,3,7.293,38.222,,20.0,0.0,24.0,125.939,,4.0,0.0,24.0,132.285,,5.0,5.0,5.0,5.0,5.0,5.0,1.0,5.0,5.0,3.368,3.783,12.25,7.534,4.767,8.901,49.646,6.318,12.234,135.653,,12/09/2025 11:31:40,23.077,19.048,60.0
3K07UCBRM7NJ,1,0,0.5882352941176471,2,2,FFFFFF,14,4F4545,2,FFFFFF,FFFFFF,FFFFFF,FFFFFF,5,,3,0,16,10.45,3,0,11,8.749,3,0,14,5.8,9,0,41,24.999,,2.0,11.1,3.0,27.199,4.0,4.033,4.0,6.899,1.0,38.398,3.0,9.834,1.0,4.316,101.779,,2,1,3,24.364,2,2,1,3,4,2,3,3,2,2,2,1,4,1,2.5,2,4.4,1,6.6,1,2.0,2,2.0,2,2.7,20.2,,0.0,0.0,24.0,49.864,,2.0,0.0,24.0,102.012,,5.0,5.0,5.0,1.0,5.0,1.0,1.0,5.0,5.0,4.983,7.967,8.583,6.383,10.7,10.516,9.932,9.033,10.016,99.963,,12/09/2025 11:29:05,19.231,90.476,28.571
PKT94846M7Z8,2,0,0.47058823529411764,3,5,947907,5,292929,2,AEAEAE,810000,3C3C3C,937600,2,,15,3,4,68.346,6,0,8,44.831,2,4,15,11.316,23,7,27,124.493,,1.0,3.35,3.0,13.349,4.0,10.833,3.0,16.132,4.0,3.467,3.0,9.799,4.0,10.883,67.813,,3,2,1,21.832,2,3,2,5,5,5,5,3,5,4,3,4,4,2,7.266,3,3.699,4,1.015,4,1.532,4,2.783,3,2.999,19.294,,2.0,0.0,24.0,77.98,,2.0,0.0,24.0,125.094,,5.0,5.0,5.0,5.0,5.0,5.0,5.0,5.0,5.0,5.367,4.667,12.6,2.834,5.45,8.666,7.116,7.35,8.533,86.429,,12/09/2025 11:26:23,19.231,19.048,65.714
7CG4949BWJOM,1,1,0.47058823529411764,1,2,FFFFFF,3,FFFFFF,1,FFFFFF,FFFFFF,FFFFFF,FFFFFF,5,,3,2,16,30.901,4,17,10,56.467,3,3,14,29.265,10,22,40,116.633,,2.0,14.533,2.0,5.133,2.0,4.382,2.0,4.016,3.0,23.369,4.0,8.099,3.0,10.467,69.999,,1,1,1,15.216,1,1,2,5,4,4,2,4,5,3,2,2,3,1,8.7,1,1.6,2,2.8,1,0.7,2,1.3,4,13.5,28.6,,0.0,0.0,24.0,62.266,,9.0,0.0,24.0,187.547,,1.0,1.0,5.0,1.0,1.0,5.0,1.0,5.0,1.0,5.216,6.85,2.8,5.716,8.25,6.185,5.483,4.816,7.0,76.698,,12/09/2025 11:25:42,57.692,42.857,34.286
LOSXYY17C37Y,1,1,0.5882352941176471,2,0,FFFFFF,7,B30007,1,FFFFFF,FFFFFF,FFFFFF,FFFFFF,0,,14,21,5,58.564,9,29,5,67.948,5,11,12,0.0,28,61,22,126.512,11.0,4.0,3.166,2.0,5.717,3.0,15.649,2.0,17.1,3.0,17.349,4.0,7.917,1.0,7.999,74.897,,1,0,1,19.083,1,2,3,1,5,1,1,5,5,5,5,5,1,1,5.8,1,2.0,1,2.9,1,1.2,2,3.0,2,6.2,21.1,,0.0,0.0,24.0,64.948,,4.0,0.0,24.0,97.412,,1.0,1.0,1.0,1.0,1.0,5.0,1.0,1.0,1.0,3.9,7.417,6.783,5.832,9.867,8.482,22.149,6.667,5.066,100.494,,12/09/2025 11:25:40,42.308,38.095,68.571
ZK2HP2Q1FWUT,4,1,0.5882352941176471,6,8,FFFFFF,13,FFFFFF,2,FFFFFF,FFFFFF,FFFFFF,FFFFFF,2,,17,1,2,49.463,13,2,1,43.165,9,1,8,28.9,39,4,11,121.528,,2.0,12.35,3.0,19.032,4.0,7.0,1.0,8.516,2.0,6.983,4.0,10.299,2.0,12.783,76.963,,2,1,3,29.015,2,3,3,1,1,1,1,5,1,5,1,1,3,0,3.5,3,7.8,1,1.5,1,11.4,2,7.3,2,4.6,36.1,,1.0,0.0,24.0,69.547,,12.0,0.0,24.0,200.79,,5.0,1.0,1.0,1.0,1.0,1.0,1.0,1.0,1.0,4.215,3.868,8.566,9.083,5.483,5.383,11.616,11.567,5.217,92.512,,12/09/2025 11:21:18,61.538,71.429,91.429
XU4DM426AR0G,4,0,0.47058823529411764,3,2,FFFFFF,2,FFFFFF,2,FFFFFF,FFFFFF,FFFFFF,FFFFFF,5,,3,0,16,12.033,3,0,11,8.0,1,2,16,6.649,7,2,43,26.682,,4.0,20.916,4.0,13.45,4.0,1.932,3.0,53.281,4.0,14.799,4.0,11.017,1.0,24.516,139.911,,2,1,1,25.699,2,3,1,5,5,5,5,5,5,5,5,5,1,4,3.682,4,5.0,4,3.114,3,5.394,4,1.632,3,1.499,20.321,,1.0,0.0,24.0,49.115,,4.0,0.0,24.0,118.511,,5.0,5.0,1.0,5.0,5.0,5.0,5.0,5.0,5.0,2.867,10.666,13.5,5.217,6.25,7.399,9.549,4.416,8.833,97.061,,12/09/2025 11:14:01,23.077,19.048,60.0
CK67CCD9KKZJ,3,0,0.35294117647058826,0,0,FFFFFF,0,FFFFFF,0,FFFFFF,FFFFFF,FFFFFF,FFFFFF,0,,3,0,16,16.399,0,0,14,2.533,0,0,17,3.199,3,0,47,22.131,,2.0,2.583,3.0,2.617,4.0,8.3,1.0,9.149,4.0,9.2,3.0,13.366,4.0,6.083,51.298,,2,1,1,32.75,1,3,2,5,5,5,5,5,5,5,5,5,1,4,5.4,4,1.8,4,2.3,3,1.0,4,3.0,4,4.5,18.0,,1.0,0.0,24.0,64.364,,3.0,0.0,24.0,124.244,,5.0,5.0,5.0,1.0,5.0,5.0,5.0,5.0,5.0,4.501,7.066,5.299,7.6,4.616,9.15,5.633,5.55,5.999,86.896,,12/09/2025 10:53:15,11.538,4.762,57.143
LN0OHX118GS8,1,0,0.47058823529411764,2,3,FFC6A1,8,5B5B5B,2,FFFFFF,4C4C4C,242424,212121,0,,6,15,13,25.483,5,14,9,20.899,5,11,12,25.632,16,40,34,72.014,,3.0,7.984,1.0,8.849,2.0,6.817,4.0,23.915,1.0,16.583,4.0,11.134,4.0,5.065,80.347,,2,1,2,22.044,1,1,2,3,4,4,4,3,5,4,1,2,3,1,3.6,1,2.4,1,17.4,3,5.0,2,6.3,3,6.9,41.6,,1.0,0.0,24.0,70.964,,2.0,0.0,24.0,119.628,,5.0,5.0,1.0,1.0,5.0,5.0,1.0,5.0,1.0,5.832,8.015,6.449,9.716,8.216,8.933,24.683,6.366,9.7,112.462,,12/09/2025 10:40:09,30.769,80.952,68.571
SL238SLJOF09,1,0,0.29411764705882354,2,3,FFFFFF,8,FFFFFF,2,0044FF,907300,000000,00FFF2,2,,3,0,16,21.716,3,0,11,14.399,3,0,14,17.518,9,0,41,53.633,,4.0,3.649,3.0,14.682,4.0,15.135,4.0,15.333,4.0,4.95,3.0,6.6,3.0,27.101,87.45,,2,2,3,23.749,2,3,2,5,5,5,5,5,5,5,5,5,1,4,5.4,4,1.9,4,6.1,4,18.5,4,3.5,4,3.7,39.1,,1.0,0.0,24.0,86.832,,4.0,0.0,24.0,231.745,,5.0,5.0,5.0,5.0,5.0,5.0,5.0,5.0,5.0,5.833,6.668,35.315,4.883,9.432,10.033,7.067,12.783,7.015,130.713,,12/09/2025 10:39:13,0.0,0.0,85.714
WJ2MU06OBKPO,3,0,0.4117647058823529,2,2,B08A66,5,34141E,2,A00031,1F2449,8B1620,3E3B3B,0,,4,3,15,49.281,2,1,12,15.116,0,0,17,4.233,6,4,44,68.63,,2.0,8.183,1.0,31.081,4.0,30.032,1.0,24.282,1.0,10.266,2.0,21.333,3.0,30.782,155.959,,2,1,2,28.232,1,3,2,3,3,2,4,4,3,2,4,2,1,1,21.542,4,8.016,2,4.148,0,17.775,2,9.064,3,9.163,69.708,,1.0,0.0,24.0,97.013,,4.0,0.0,24.0,264.004,,5.0,5.0,5.0,1.0,1.0,1.0,5.0,5.0,1.0,5.866,8.266,10.233,7.967,6.717,10.849,14.515,21.732,17.699,131.31,,12/09/2025 10:35:35,34.615,100.0,54.286
9IGDF7ZDLII5,1,1,0.47058823529411764,1,0,FFFFFF,10,FFFFFF,2,FFFFFF,FFFFFF,FFFFFF,FFFFFF,2,,7,1,12,41.149,0,6,14,55.63,2,0,15,13.749,9,7,41,110.528,,2.0,4.133,1.0,10.15,1.0,36.907,2.0,17.882,1.0,21.382,1.0,6.133,2.0,6.017,102.604,,1,1,0,17.715,1,2,1,1,1,1,1,1,1,1,1,1,3,0,2.7,1,3.9,1,0.6,1,0.5,1,0.4,1,0.8,8.9,,2.0,0.0,24.0,124.894,,2.0,0.0,24.0,177.508,,1.0,1.0,1.0,1.0,1.0,1.0,1.0,1.0,1.0,4.101,4.816,4.45,4.749,6.065,4.334,3.982,6.483,6.033,69.362,,12/09/2025 10:30:05,92.308,90.476,0.0
97TP7GJA3HGF,3,0,0.47058823529411764,2,5,FFFFFF,5,FFFFFF,2,FFFFFF,FFFFFF,FFFFFF,FFFFFF,5,,0,4,19,57.048,0,0,14,2.6,0,0,17,1.783,0,4,50,61.431,,3.0,0.5,1.0,3.833,2.0,1.484,4.0,11.032,3.0,8.783,4.0,8.633,1.0,3.6,37.865,,3,0,2,18.983,2,4,1,5,5,5,5,5,5,1,5,5,1,4,10.113,4,5.982,4,2.228,1,2.632,2,2.449,4,1.249,24.653,,4.0,0.0,24.0,75.613,,21.0,0.0,24.0,142.693,,1.0,5.0,1.0,1.0,1.0,1.0,5.0,5.0,5.0,9.566,2.568,5.901,8.516,2.566,5.649,10.133,7.765,3.133,78.462,,12/09/2025 10:25:36,34.615,76.19,68.571
EN3ALMKV2XAH,1,0,0.47058823529411764,0,0,FFFFFF,0,FFFFFF,0,FFFFFF,FFFFFF,FFFFFF,FFFFFF,0,,0,0,19,5.817,0,0,14,3.25,0,0,17,2.333,0,0,50,11.4,,4.0,3.434,2.0,8.033,4.0,6.566,1.0,164.321,4.0,7.25,2.0,4.016,3.0,4.817,198.437,,2,2,3,26.981,2,3,1,5,5,5,5,5,5,5,5,5,1,2,3.0,4,1.6,4,1.9,3,1.6,4,2.6,4,1.6,12.3,,3.0,0.0,24.0,177.47,,9.0,0.0,24.0,297.723,,1.0,5.0,5.0,1.0,5.0,5.0,5.0,1.0,5.0,9.083,2.841,2.232,2.482,1.484,2.948,3.633,6.333,3.283,60.938,,12/09/2025 10:20:06,11.538,23.81,100.0
YZ9PZX2D9B6T,1,1,0.47058823529411764,2,0,F5D588,10,612119,1,FFFFFF,5B382B,383F76,FF5EBF,2,,19,4,0,62.347,12,0,2,55.147,14,0,3,0.0,45,4,5,117.494,2.0,4.0,10.949,1.0,10.766,1.0,4.45,1.0,10.516,1.0,4.384,4.0,3.366,1.0,4.433,48.864,,1,1,2,14.716,2,1,3,3,5,4,5,4,5,5,5,5,5,1,3.094,4,7.161,0,3.495,4,7.943,1,7.861,4,3.494,33.048,,0.0,0.0,24.0,38.701,,0.0,0.0,24.0,55.199,,1.0,1.0,5.0,1.0,1.0,1.0,1.0,5.0,5.0,3.167,4.55,9.566,6.017,3.283,5.333,3.7,5.0,3.267,64.495,,11/09/2025 12:15:50,65.385,80.952,48.571
2U313TK7XGFP,1,0,0.4117647058823529,3,5,FFE8A1,8,FFFFFF,1,FFFFFF,D17410,2010D1,FFFFFF,5,,3,0,16,15.649,3,0,11,6.9,3,0,14,10.183,9,0,41,32.732,,4.0,24.783,4.0,15.133,4.0,7.116,4.0,5.868,3.0,30.298,3.0,12.315,2.0,12.2,107.713,,2,1,3,57.281,2,1,2,5,5,4,5,5,5,5,5,5,1,3,8.751,4,2.747,2,3.5,4,12.933,4,7.683,2,17.197,52.811,,0.0,0.0,24.0,120.36,,6.0,0.0,24.0,235.139,,5.0,5.0,5.0,5.0,5.0,5.0,1.0,5.0,5.0,30.582,4.448,6.816,14.985,7.951,7.4,12.682,6.034,5.65,122.395,,11/09/2025 12:15:02,42.308,52.381,51.429
ICWB0ZQ1I0GA,1,0,0.35294117647058826,2,2,FFFFFF,8,FFFFFF,2,FFFFFF,FFFFFF,FFFFFF,FFFFFF,5,,3,0,16,21.999,2,1,12,40.009,3,0,14,14.404,8,1,42,76.412,,4.0,22.411,4.0,22.461,4.0,25.241,3.0,10.957,3.0,29.279,3.0,20.541,4.0,35.03,165.92,,2,2,3,55.028,1,3,2,5,5,4,3,5,5,5,5,5,1,4,16.292,4,8.387,4,11.793,4,7.149,4,8.999,4,21.791,74.411,,0.0,0.0,24.0,71.681,,3.0,0.0,24.0,188.324,,5.0,5.0,5.0,5.0,5.0,5.0,5.0,5.0,5.0,12.123,9.31,10.375,9.143,6.795,11.324,8.162,9.791,8.877,110.44,,11/09/2025 12:10:45,19.231,47.619,88.571
RYB1ZLYWE1M9,1,1,0.35294117647058826,1,3,FFFFFF,10,FFFFFF,2,FFFFFF,FFFFFF,FFFFFF,FFFFFF,0,,2,1,17,21.006,3,0,11,15.32,0,3,17,24.125,5,4,45,60.451,,3.0,6.308,4.0,22.982,4.0,7.115,4.0,18.53,4.0,8.462,4.0,9.256,3.0,10.565,83.218,,2,1,1,37.228,1,3,2,5,5,5,5,5,5,5,5,5,1,2,4.568,4,4.8,2,2.0,4,1.6,2,3.9,3,3.516,20.384,,0.0,0.0,24.0,107.309,,2.0,0.0,24.0,146.286,,1.0,5.0,5.0,5.0,5.0,5.0,1.0,5.0,5.0,8.082,4.88,9.385,10.331,6.977,3.947,6.807,9.592,7.293,99.727,,11/09/2025 11:59:25,23.077,38.095,80.0
CBW1MWFYTJ4S,3,1,0.29411764705882354,1,3,FFFFFF,2,FFFFFF,1,FFFFFF,FFFFFF,FFFFFF,FFFFFF,0,,3,0,16,39.015,1,2,13,19.199,2,2,15,22.899,6,4,44,81.113,,3.0,11.05,2.0,10.932,1.0,4.75,1.0,29.216,2.0,11.049,3.0,9.049,1.0,11.666,87.712,,3,2,3,28.215,2,4,1,3,5,5,5,3,3,2,2,3,5,0,2.3,4,2.4,2,2.8,3,3.3,3,2.5,3,2.4,15.7,,2.0,0.0,24.0,81.429,,17.0,0.0,1.0,300.0,12.0,1.0,1.0,1.0,1.0,1.0,1.0,1.0,1.0,1.0,18.233,6.382,8.116,9.999,14.829,14.199,12.932,17.065,13.349,144.026,,11/09/2025 11:51:55,84.615,85.714,28.571
U0JD20CW4JWD,3,0,0.35294117647058826,1,0,F6B39C,2,FFFFFF,2,FFFFFF,FFFFFF,FFFFFF,FFFFFF,0,,2,3,17,23.5,2,13,12,31.597,13,26,4,44.415,17,42,33,99.512,,3.0,5.25,2.0,20.583,4.0,5.933,3.0,5.833,4.0,3.716,4.0,2.233,3.0,2.5,46.048,,2,0,0,20.966,1,2,2,5,5,5,5,5,5,5,5,5,1,3,5.964,3,4.146,2,2.014,3,3.912,2,1.4,2,1.413,18.849,,2.0,0.0,24.0,95.03,,4.0,0.0,24.0,124.561,,1.0,1.0,1.0,5.0,5.0,1.0,1.0,5.0,1.0,1.267,1.067,1.301,2.883,1.234,1.233,1.266,3.167,1.25,33.799,,11/09/2025 11:51:53,7.692,33.333,71.429
0CIP1GPIT9GT,3,1,0.35294117647058826,2,2,FFFFFF,10,FFFFFF,1,FFFFFF,FFFFFF,FFFFFF,FFFFFF,5,,14,0,5,34.649,12,0,2,26.816,14,0,3,27.965,40,0,10,89.43,,4.0,9.083,3.0,9.7,4.0,3.582,4.0,25.499,4.0,35.565,4.0,5.417,4.0,68.346,157.192,,2,1,1,21.799,2,3,2,1,4,3,4,2,3,1,2,3,1,1,3.65,3,3.231,3,5.018,3,3.05,3,3.496,2,6.249,24.694,,1.0,0.0,24.0,66.263,,1.0,0.0,24.0,106.745,,5.0,5.0,5.0,5.0,5.0,1.0,1.0,5.0,1.0,4.4,5.199,10.716,8.0,9.45,19.615,8.75,12.516,11.767,112.595,,11/09/2025 11:49:39,7.692,28.571,85.714
21NYHLZGMY65,3,1,0.29411764705882354,1,3,FFDD9A,3,7F6021,2,319EB9,8C999C,B1EAF8,D820F6,5,,19,34,0,99.845,10,27,4,0.0,0,0,17,0.0,29,61,21,99.845,0.0,4.0,7.633,4.0,9.866,4.0,14.999,3.0,6.551,4.0,12.832,4.0,11.116,4.0,4.733,67.73,,1,1,1,20.967,2,3,2,4,5,4,5,4,5,3,4,5,2,2,5.1,4,3.3,3,2.639,3,3.8,3,9.1,3,3.2,27.139,,0.0,0.0,24.0,89.463,,0.0,0.0,24.0,171.091,,5.0,5.0,1.0,5.0,5.0,5.0,5.0,5.0,5.0,6.067,4.25,10.032,4.433,5.75,6.033,5.733,5.233,5.483,77.446,,11/09/2025 11:45:24,11.538,4.762,88.571
818GQ1A0LZXY,1,0,0.47058823529411764,0,5,FFFFFF,8,0F0D0D,1,FFFFFF,FFFFFF,FFFFFF,FFFFFF,5,,0,0,19,10.283,0,0,14,5.433,0,0,17,1.7,0,0,50,17.416,,1.0,1.533,3.0,10.233,3.0,13.033,1.0,19.227,2.0,1.182,4.0,15.967,1.0,5.833,67.008,,3,2,3,11.716,2,3,2,5,5,5,5,5,5,5,5,5,1,4,8.3,4,3.8,4,1.0,3,1.8,3,1.5,3,7.4,23.8,,0.0,0.0,24.0,59.214,,4.0,0.0,24.0,109.245,,5.0,5.0,1.0,5.0,5.0,5.0,5.0,1.0,5.0,4.482,3.917,3.35,3.349,3.067,4.566,4.432,3.017,4.765,59.147,,11/09/2025 11:42:48,19.231,57.143,85.714
6K8O0GZD1VNS,3,1,0.29411764705882354,3,4,EEDF7E,10,F5DC47,2,34311E,776700,36CEB5,3648CE,5,,8,0,11,31.565,2,5,12,20.499,5,0,12,23.049,15,5,35,75.113,,4.0,12.733,3.0,16.682,3.0,18.416,4.0,17.349,4.0,4.5,4.0,6.45,4.0,5.999,82.129,,1,1,1,21.049,1,3,2,5,5,3,5,5,5,5,3,2,1,3,4.1,4,1.0,3,1.6,4,0.8,4,3.8,4,2.3,13.6,,,,,,,,,,,,5.0,5.0,5.0,5.0,5.0,5.0,5.0,5.0,5.0,3.733,3.916,8.583,6.066,3.899,5.365,5.949,5.983,5.983,70.562,,11/09/2025 11:36:58,11.538,23.81,68.571
WAKJTTT9MQBH,0,1,0.35294117647058826,2,2,EEE497,7,000000,0,FFFFFF,000000,1412EB,070000,0,,2,1,17,17.294,1,2,13,11.009,2,1,15,10.199,5,4,45,38.502,,2.0,3.733,1.0,10.012,2.0,5.716,1.0,6.243,2.0,32.323,3.0,42.825,1.0,3.348,104.2,,1,1,1,54.941,1,4,2,4,1,1,2,3,3,3,3,1,2,1,6.451,2,9.804,2,3.671,2,2.996,1,14.193,2,2.294,39.409,,0.0,0.0,24.0,85.244,,0.0,0.0,24.0,237.793,,1.0,5.0,5.0,5.0,1.0,1.0,1.0,5.0,1.0,3.683,3.65,2.899,3.214,3.684,4.102,4.68,5.798,4.18,59.961,,11/09/2025 11:32:18,46.154,57.143,68.571
1QEYNUL90SWJ,1,0,0.35294117647058826,2,5,FFFFFF,11,FFFFFF,2,FFFFFF,FFFFFF,FFFFFF,FFFFFF,5,,6,7,13,39.256,2,1,12,9.133,0,3,17,10.649,8,11,42,59.038,,4.0,0.983,1.0,1.933,3.0,1.734,1.0,12.132,3.0,2.434,1.0,5.433,3.0,1.407,26.056,,3,2,3,46.882,2,1,2,5,5,5,5,5,5,5,5,3,1,4,2.333,4,2.715,4,1.682,4,2.217,4,0.116,4,0.066,9.129,,0.0,0.0,24.0,118.494,,0.0,0.0,24.0,208.401,,1.0,5.0,5.0,5.0,5.0,5.0,5.0,5.0,1.0,46.732,33.024,15.532,7.067,4.3,11.267,19.441,6.783,3.966,171.816,,11/09/2025 11:32:07,19.231,52.381,85.714
9L9UE1GJH892,1,0,0.35294117647058826,1,0,FFFFFF,8,FFFFFF,2,FFFFFF,FFFFFF,FFFFFF,FFFFFF,5,,19,34,0,63.561,0,2,14,6.641,0,0,17,2.648,19,36,31,72.85,,2.0,20.78,2.0,17.716,2.0,5.092,2.0,20.901,2.0,6.325,2.0,3.813,2.0,6.68,81.307,,2,1,3,34.762,1,2,2,1,1,1,5,5,1,5,5,1,3,1,5.5,1,3.7,2,2.7,0,11.2,1,4.6,2,3.2,30.9,,1.0,0.0,24.0,91.748,,7.0,0.0,24.0,154.977,,5.0,1.0,1.0,1.0,1.0,5.0,1.0,1.0,5.0,14.889,8.932,17.725,7.945,12.305,13.94,15.009,9.1,9.246,133.076,,11/09/2025 11:21:43,26.923,90.476,62.857
A1RW3K8WELBF,1,2,0.4117647058823529,0,0,FFFFFF,0,FFFFFF,0,FFFFFF,FFFFFF,FFFFFF,FFFFFF,0,,1,2,18,29.233,0,0,14,7.465,0,0,17,2.983,1,2,49,39.681,,3.0,18.083,4.0,3.184,4.0,7.382,4.0,56.364,4.0,4.25,2.0,2.517,1.0,42.764,134.544,,3,2,1,56.049,2,3,2,5,5,1,5,5,5,5,5,5,5,0,5.988,4,3.744,4,1.088,3,1.643,4,3.244,3,3.415,19.122,,0.0,0.0,24.0,60.313,,2.0,0.0,24.0,121.544,,1.0,5.0,1.0,5.0,5.0,1.0,1.0,5.0,5.0,19.565,1.916,1.866,23.199,2.601,1.9,2.117,4.9,1.767,87.43,,11/09/2025 11:17:34,15.385,23.81,85.714
YXFFE1R96XUN,0,1,0.29411764705882354,2,0,F0F0AB,10,FFFFFF,0,FFFFFF,FFFFFF,3154D1,D131CD,5,,3,0,16,14.383,3,0,11,9.866,3,0,14,9.216,9,0,41,33.465,,-1.0,-1.0,3.0,217.923,-1.0,-1.0,-1.0,-1.0,-1.0,-1.0,-1.0,-1.0,-1.0,-1.0,211.923,10.0,1,1,1,26.015,2,1,2,5,4,5,4,4,5,5,4,5,1,4,7.622,4,1.65,4,2.265,3,2.064,3,3.763,3,7.58,24.944,,0.0,0.0,24.0,105.561,,6.0,0.0,23.0,300.0,10.0,5.0,5.0,-1.0,-1.0,5.0,-1.0,-1.0,-1.0,5.0,49.781,27.498,-1.0,-1.0,28.716,-1.0,-1.0,-1.0,48.464,180.0,10.0,11/09/2025 11:16:52,11.538,14.286,74.286
3SIQEES5L519,1,0,0.4117647058823529,2,3,E5D29D,3,645C86,1,695AA3,B59A51,44423D,AB4848,7,,1,2,18,26.449,0,3,14,29.933,1,2,16,27.682,2,7,48,84.064,,2.0,11.716,2.0,12.3,2.0,3.917,2.0,70.88,2.0,6.6,2.0,9.483,2.0,6.267,121.163,,1,1,1,17.633,1,4,2,3,2,3,3,1,2,3,2,2,3,1,5.429,1,7.762,2,16.539,2,4.828,0,2.748,1,8.63,45.936,,0.0,0.0,24.0,48.163,,3.0,0.0,24.0,85.597,,1.0,1.0,5.0,1.0,1.0,1.0,1.0,5.0,5.0,4.35,5.383,6.167,4.866,4.532,4.55,4.366,8.617,3.384,70.746,,11/09/2025 11:15:38,46.7,52.4,40.5
MHFGSCZ3AUST,3,1,0.35294117647058826,4,4,FFFFFF,10,FFFFFF,2,FFFFFF,FFFFFF,FFFFFF,FFFFFF,0,,0,3,19,32.099,3,0,11,12.224,3,1,14,20.0,6,4,44,64.323,,2.0,6.425,2.0,15.195,2.0,5.631,2.0,29.158,3.0,22.173,4.0,20.926,1.0,7.989,107.497,,2,0,1,25.043,3,1,3,3,4,2,1,2,3,3,3,2,4,1,4.8,2,3.0,2,2.6,0,5.6,1,9.579,2,11.9,37.479,,0.0,0.0,24.0,62.078,,0.0,0.0,24.0,132.973,,5.0,5.0,1.0,1.0,1.0,1.0,1.0,1.0,1.0,7.679,11.155,8.553,4.643,16.562,6.011,2.983,25.131,7.235,115.117,,11/09/2025 11:11:34,46.154,57.143,51.429
T73DEK6YHNUH,3,1,0.4117647058823529,0,0,FFFFFF,10,DD6EDC,0,FFFFFF,FFFFFF,831BAC,F092EF,0,,2,2,17,55.464,0,1,14,7.85,3,0,14,13.85,5,3,45,77.164,,2.0,14.234,1.0,6.599,2.0,7.283,2.0,22.565,3.0,16.933,2.0,3.833,1.0,9.083,80.53,,2,1,1,17.349,2,3,3,1,3,1,2,3,2,3,3,1,5,1,5.899,0,7.049,1,4.233,1,3.216,2,2.464,1,2.033,24.894,,0.0,0.0,24.0,78.23,,1.0,0.0,24.0,126.978,,1.0,1.0,1.0,1.0,1.0,1.0,1.0,1.0,1.0,5.633,5.516,5.716,5.783,5.883,6.117,7.517,8.116,6.9,80.146,,11/09/2025 11:05:56,30.769,57.143,68.571
8ZZ2NM1K2TAZ,1,0,0.35294117647058826,2,3,FFFFFF,5,FFFFFF,2,FFFFFF,FFFFFF,FFFFFF,FFFFFF,0,,3,3,16,21.199,3,0,11,6.25,3,0,14,6.35,9,3,41,33.799,,4.0,6.149,3.0,8.367,4.0,5.166,3.0,18.898,4.0,2.734,4.0,9.3,3.0,5.316,55.93,,1,2,1,18.616,2,2,2,4,5,4,5,5,5,5,4,5,2,4,23.933,4,11.033,3,6.266,3,5.266,4,5.816,3,7.567,59.881,,0.0,0.0,24.0,45.632,,1.0,0.0,24.0,99.205,,5.0,5.0,5.0,5.0,5.0,5.0,1.0,5.0,5.0,4.333,3.901,4.734,5.199,3.967,3.75,9.516,9.917,4.934,71.696,,11/09/2025 11:00:54,19.231,80.952,54.286
JSL2R9Z9BJ62,2,1,0.29411764705882354,1,0,EBC882,13,392600,0,FFFFFF,FFFFFF,222222,FE79FE,5,,1,2,18,22.632,0,2,14,16.266,0,1,17,4.667,1,5,49,43.565,,3.0,4.283,4.0,27.548,3.0,172.125,-1.0,-1.0,-1.0,-1.0,4.0,55.815,2.0,6.649,264.42,0.0,2,1,3,29.864,2,3,2,3,4,3,5,4,4,3,4,4,1,3,6.8,4,4.0,2,9.1,3,3.1,4,3.6,3,1.9,28.5,,0.0,0.0,24.0,84.429,,0.0,0.0,24.0,149.077,,5.0,5.0,5.0,1.0,5.0,1.0,5.0,5.0,5.0,8.182,6.516,5.915,11.066,12.533,16.8,5.766,15.749,6.617,118.644,,11/09/2025 10:59:46,3.846,28.571,88.571
X6VXOXPOAZ3G,3,1,0.29411764705882354,1,2,FFFFFF,3,FFFFFF,2,FFFFFF,FFFFFF,FFFFFF,FFFFFF,0,,2,4,17,74.438,0,4,14,38.749,1,1,16,12.366,3,9,47,125.553,,1.0,7.065,1.0,23.117,3.0,8.716,2.0,28.283,2.0,4.649,3.0,8.483,1.0,6.483,86.796,,0,0,1,16.483,1,4,2,3,1,3,2,2,2,3,2,3,4,0,7.981,1,1.315,1,3.711,1,6.631,1,4.016,2,6.98,30.634,,0.0,0.0,24.0,247.939,,8.0,0.0,8.0,300.0,12.0,1.0,5.0,5.0,1.0,5.0,1.0,1.0,1.0,1.0,9.85,7.2,6.836,6.733,8.199,9.3,11.468,3.9,5.917,115.794,,11/09/2025 10:52:48,53.846,61.905,48.571
CCBR2QIEWXTT,1,1,0.29411764705882354,2,0,FFFFFF,10,3C1301,1,FFFFFF,020304,074588,F00CE9,0,,7,8,12,82.23,1,11,13,44.165,4,4,13,0.0,12,23,38,126.395,0.0,4.0,10.782,4.0,20.399,4.0,18.166,4.0,6.717,4.0,14.566,4.0,13.599,-1.0,-1.0,83.229,0.0,2,2,2,39.598,2,3,2,5,5,5,5,5,5,5,5,5,1,4,8.4,4,6.3,4,4.2,4,5.4,4,21.3,4,3.8,49.4,,0.0,0.0,24.0,76.679,,2.0,0.0,24.0,140.461,,5.0,5.0,5.0,5.0,5.0,5.0,5.0,5.0,5.0,4.916,4.882,8.849,5.416,8.881,6.55,5.866,6.049,6.25,79.877,,11/09/2025 10:52:34,0.0,4.762,85.714
HI64ZQCA4U7L,3,1,0.29411764705882354,3,4,FFFFFF,10,FFFFFF,2,FFFFFF,FFFFFF,FFFFFF,FFFFFF,5,,3,0,16,15.466,3,0,11,9.367,3,0,14,12.282,9,0,41,37.115,,4.0,18.633,4.0,22.066,4.0,9.05,4.0,8.999,3.0,22.083,4.0,1.533,4.0,7.349,89.713,,2,1,3,36.58,2,3,2,5,5,5,5,5,5,5,5,5,1,3,7.1,4,6.032,2,6.5,4,5.6,3,7.0,3,9.0,41.232,,0.0,0.0,24.0,62.481,,8.0,0.0,24.0,187.591,,5.0,5.0,5.0,5.0,5.0,5.0,5.0,5.0,5.0,4.4,3.183,8.366,5.432,4.184,5.016,6.384,6.482,5.833,76.514,,11/09/2025 10:50:41,11.538,9.524,85.714
WKHRFIXANWM7,3,3,0.4117647058823529,0,3,FFFFFF,5,FFFFFF,1,FFFFFF,FFFFFF,FFFFFF,FFFFFF,5,,0,0,19,15.699,0,1,14,18.232,0,2,17,6.683,0,3,50,40.614,,4.0,29.466,3.0,54.78,3.0,12.233,4.0,66.297,3.0,32.215,4.0,23.199,3.0,19.565,237.755,,2,1,1,50.498,2,3,2,5,5,5,5,5,5,5,5,5,1,4,8.949,4,3.182,4,0.867,3,9.166,4,2.167,4,1.933,26.264,,5.0,0.0,24.0,150.108,,21.0,0.0,0.0,300.0,10.0,,,,,,,,,,,,,,,,,,,,,05/09/2025 12:16:10,0.0,28.6,95.2
Q9GH4MS56JTH,5,1,0.35294117647058826,1,0,FDEAED,10,FFFFFF,1,FFFFFF,EBA3EE,CB5DD0,E719F0,0,,3,1,16,15.199,2,1,12,11.882,2,1,15,17.933,7,3,43,45.014,,4.0,2.949,2.0,3.617,4.0,1.65,3.0,6.916,4.0,10.216,4.0,12.282,4.0,31.748,69.378,,2,1,2,36.765,2,3,2,4,1,1,5,5,5,5,5,2,1,4,6.266,3,6.565,4,2.649,3,1.034,3,1.151,4,1.766,19.431,,,,,,,,,,,,5.0,1.0,5.0,1.0,5.0,1.0,5.0,5.0,1.0,7.317,12.232,10.266,9.583,9.032,13.933,11.183,27.481,6.384,134.823,,05/09/2025 12:16:00,23.3,9.5,78.6
B0CUE7TLVWFB,3,1,0.4117647058823529,3,4,FFDD94,3,5B3E00,1,FFFFFF,000000,467174,746646,2,,12,15,7,59.115,4,3,10,25.467,0,0,17,1.4,16,18,34,85.982,,2.0,12.882,3.0,22.967,1.0,7.234,4.0,6.516,3.0,18.066,4.0,6.849,1.0,8.868,83.382,,3,2,3,27.515,2,1,2,5,2,3,2,3,5,4,4,3,1,3,6.6,4,2.8,3,4.4,2,8.4,3,6.1,2,7.7,36.0,,2.0,0.0,24.0,53.532,,4.0,0.0,24.0,201.443,,5.0,5.0,5.0,5.0,1.0,1.0,1.0,5.0,5.0,11.033,5.117,6.65,7.733,6.099,8.683,8.8,5.95,6.498,93.647,,05/09/2025 12:11:59,26.923,76.19,77.143
AXB8ABFO9R4A,4,0,0.4117647058823529,3,4,FFFFFF,11,FFFFFF,2,FFFFFF,FFFFFF,FFFFFF,FFFFFF,1,,2,2,17,23.882,1,2,13,15.416,3,0,14,14.099,6,4,44,53.397,,4.0,0.9,2.0,10.367,4.0,2.816,4.0,17.882,4.0,12.249,2.0,3.583,4.0,4.784,52.581,,1,1,3,19.3,1,3,2,5,5,4,5,5,5,5,5,5,1,4,17.809,4,3.647,4,1.699,4,5.646,4,4.159,4,1.079,34.039,,2.0,0.0,24.0,185.061,,5.0,0.0,24.0,255.186,,1.0,5.0,1.0,5.0,5.0,5.0,5.0,5.0,5.0,1.733,3.783,8.267,6.049,2.8,6.399,5.499,8.866,4.949,70.996,,05/09/2025 12:11:55,6.7,47.6,85.7
E9HHDM587MYT,1,0,0.4117647058823529,2,3,FFFFFF,14,FFFFFF,2,FFFFFF,FFFFFF,FFFFFF,FFFFFF,6,,1,0,18,14.832,1,0,13,3.667,1,0,16,3.8,3,0,47,22.299,,3.0,4.883,2.0,5.75,3.0,2.75,4.0,8.25,3.0,7.649,3.0,5.9,4.0,14.082,49.264,,2,0,1,10.349,1,1,3,4,2,5,3,3,5,3,3,5,3,2,3.532,2,3.498,2,1.615,3,1.547,1,4.497,3,5.632,20.321,,0.0,0.0,24.0,68.456,,11.0,0.0,24.0,142.592,,5.0,5.0,1.0,5.0,1.0,5.0,1.0,5.0,5.0,3.467,3.417,5.6,8.066,3.666,3.217,3.4,4.466,3.167,58.664,,05/09/2025 12:07:38,30.769,33.333,51.429
P8RJRSFO03YB,4,1,0.4117647058823529,2,2,FFFFFF,6,FFFFFF,2,FFFFFF,FFFFFF,FFFFFF,FFFFFF,0,,3,0,16,12.933,3,0,11,14.066,2,1,15,14.398,8,1,42,41.397,,4.0,11.915,1.0,38.764,2.0,30.148,2.0,19.799,1.0,10.9,2.0,15.933,1.0,21.232,148.691,,2,1,2,34.465,1,1,2,2,1,3,5,3,1,4,3,1,3,3,12.483,2,5.333,1,7.499,1,35.096,2,7.349,2,7.349,75.109,,1.0,0.0,24.0,59.563,,0.0,0.0,24.0,110.827,,5.0,5.0,1.0,1.0,5.0,5.0,1.0,5.0,1.0,8.716,53.713,18.281,6.816,9.416,14.216,15.148,9.683,10.515,173.406,,05/09/2025 12:06:33,61.538,80.952,17.143
SYZ34BO5B1CS,3,1,0.35294117647058826,4,3,E8D393,10,FFFFFF,2,FFFFFF,FFFFFF,FFFFFF,FFFFFF,5,,19,27,0,103.349,5,3,9,12.199,2,0,15,4.0,26,30,24,119.548,,4.0,0.951,2.0,2.816,1.0,10.9,4.0,3.083,4.0,1.85,2.0,6.568,2.0,21.615,47.783,,1,0,1,35.784,1,3,2,3,5,3,5,3,2,3,4,1,3,1,6.3,2,2.6,1,1.3,2,1.9,2,1.4,1,4.5,18.0,,,,,,,,,,,,1.0,5.0,5.0,1.0,1.0,5.0,1.0,5.0,5.0,9.683,5.432,4.666,4.467,3.666,4.8,10.801,4.95,12.166,85.147,,05/09/2025 11:53:35,46.7,71.4,71.4
H67BOXKYP58U,3,1,0.35294117647058826,3,2,B66B39,13,FFFFFF,1,FFFFFF,FFFFFF,FFFFFF,FFFFFF,5,,17,1,2,95.345,11,0,3,0.0,0,0,17,0.0,28,1,22,95.345,2.0,2.0,11.882,3.0,27.549,3.0,21.833,2.0,28.232,3.0,26.032,4.0,20.582,3.0,22.749,158.859,,2,2,2,57.613,2,2,2,4,5,3,4,4,4,4,3,4,1,2,13.2,1,5.0,1,3.7,2,1.8,2,2.9,2,3.6,30.2,,0.0,0.0,24.0,55.864,,0.0,0.0,24.0,142.126,,5.0,5.0,5.0,5.0,5.0,5.0,5.0,5.0,5.0,10.349,15.316,20.232,17.917,10.8,16.449,8.131,20.55,11.233,152.409,,05/09/2025 11:43:25,30.769,52.381,60.0
MQUVFBYLSAMY,1,0,0.35294117647058826,5,7,FFFFFF,8,FFFFFF,2,FFFFFF,FFFFFF,FFFFFF,FFFFFF,0,,3,0,16,8.784,3,0,11,6.883,3,0,14,7.183,9,0,41,22.85,,2.0,39.21,3.0,24.766,2.0,11.049,3.0,28.146,3.0,30.316,4.0,5.35,4.0,55.545,194.382,,2,0,1,52.598,1,2,2,5,2,3,3,2,4,3,3,3,2,2,7.9,2,6.7,2,14.4,1,4.7,2,10.9,2,5.9,50.5,,2.0,0.0,24.0,74.245,,2.0,0.0,24.0,112.608,,5.0,5.0,5.0,5.0,1.0,5.0,1.0,5.0,1.0,22.398,6.7,17.547,14.299,9.582,15.483,16.516,28.949,4.366,160.689,,05/09/2025 11:37:33,19.231,19.048,42.857
9S9PVIW9GPRC,3,1,0.4117647058823529,3,2,FFFFFF,3,0806F5,1,FFFFFF,0E0E11,1F1F11,E1E812,0,,3,0,16,11.417,3,0,11,9.616,3,0,14,7.466,9,0,41,28.499,,2.0,5.1,3.0,18.849,2.0,25.765,2.0,21.116,2.0,6.083,1.0,7.683,2.0,7.733,92.329,,1,0,0,21.599,1,1,2,1,3,1,1,2,1,2,2,4,3,0,6.414,1,4.584,1,5.596,0,4.1,1,2.066,0,4.416,27.176,,0.0,0.0,24.0,63.98,,0.0,0.0,24.0,95.412,,1.0,1.0,1.0,1.0,1.0,1.0,1.0,1.0,1.0,8.75,4.767,6.7,6.716,19.916,6.384,7.733,7.2,5.283,102.928,,05/09/2025 11:29:20,73.077,85.714,54.286
O6GKEG2RRM3F,3,0,0.35294117647058826,3,3,3E3200,5,FFFFFF,1,FFFFFF,FFFFFF,FFFFFF,FFFFFF,2,,3,2,16,21.783,3,0,11,14.465,3,0,14,10.25,9,2,41,46.498,,3.0,2.967,2.0,2.267,2.0,17.199,3.0,12.199,2.0,4.733,2.0,4.883,4.0,3.633,47.881,,3,1,1,21.599,1,4,2,1,2,4,3,2,3,3,2,3,3,3,6.448,1,4.781,1,4.249,2,2.349,1,2.117,0,5.215,25.159,,1.0,0.0,24.0,69.447,,5.0,0.0,24.0,144.526,,1.0,1.0,1.0,5.0,1.0,5.0,1.0,5.0,1.0,3.25,68.298,3.617,5.617,3.883,20.833,1.517,9.75,3.017,146.21,,05/09/2025 11:28:42,38.462,61.905,54.286
UUDQQ40GWVHV,1,0,0.4117647058823529,4,4,FFFFFF,11,FFFFFF,0,FFFFFF,FFFFFF,FFFFFF,FFFFFF,1,,8,2,11,28.766,3,1,11,12.267,6,4,11,21.299,17,7,33,62.332,,3.0,11.316,3.0,17.566,2.0,5.066,4.0,11.583,2.0,13.384,3.0,7.699,1.0,43.933,110.547,,2,1,1,21.734,3,4,2,3,2,1,1,1,2,3,3,3,3,1,8.629,1,3.264,1,3.097,2,6.381,3,6.897,2,6.974,35.242,,0.0,0.0,24.0,55.182,,2.0,0.0,24.0,158.994,,1.0,1.0,1.0,5.0,1.0,1.0,1.0,1.0,1.0,5.485,7.783,6.35,5.416,6.416,6.533,12.217,8.101,8.4,99.014,,05/09/2025 11:18:28,53.846,71.429,25.714
7INUYE5U1SGW,3,0,0.35294117647058826,1,2,FFFFFF,11,FFFFFF,2,FFFFFF,FFFFFF,FFFFFF,FFFFFF,5,,0,0,19,9.386,0,0,14,1.067,0,0,17,0.766,0,0,50,11.219,,3.0,2.399,3.0,24.136,4.0,20.299,4.0,14.65,4.0,34.818,4.0,1.95,3.0,5.033,103.285,,2,2,1,15.867,1,3,2,1,3,5,5,5,5,5,5,5,1,4,2.4,4,3.7,4,1.3,3,4.8,3,3.0,4,0.8,16.0,,1.0,0.0,24.0,89.598,,18.0,0.0,24.0,178.099,,5.0,5.0,5.0,1.0,5.0,5.0,5.0,5.0,1.0,4.65,7.516,6.5,5.05,11.933,8.199,8.6,13.283,5.6,101.251,,05/09/2025 11:18:23,19.231,4.762,85.714
2KDMRCQSLCGP,1,0,0.35294117647058826,2,4,FFFFFF,2,FFFFFF,2,FFFFFF,FFFFFF,FFFFFF,FFFFFF,5,,3,0,16,32.516,2,2,12,14.88,3,0,14,11.332,8,2,42,58.728,,4.0,2.366,4.0,1.684,2.0,2.349,4.0,19.829,4.0,13.866,3.0,4.118,4.0,11.398,55.61,,2,1,1,20.562,1,3,2,4,5,5,4,5,5,5,5,5,1,4,3.3,3,3.7,4,1.4,3,1.7,4,1.3,3,1.1,12.5,,0.0,0.0,24.0,54.131,,13.0,0.0,24.0,151.868,,5.0,5.0,1.0,5.0,5.0,5.0,5.0,5.0,5.0,7.116,6.317,6.65,5.4,4.016,3.05,7.864,4.883,4.333,72.777,,05/09/2025 11:09:12,0.0,0.0,68.571
I3TAO64HVFP7,3,0,0.4117647058823529,4,7,FFFFFF,8,FFFFFF,2,FFFFFF,FFFFFF,FFFFFF,FFFFFF,5,,16,0,3,45.515,12,0,2,31.932,14,0,3,57.614,42,0,8,135.061,,2.0,3.117,1.0,11.649,2.0,31.081,2.0,11.666,1.0,13.166,1.0,7.699,2.0,9.283,87.661,,1,0,1,19.316,1,2,2,3,4,1,2,3,2,3,2,4,3,3,3.679,2,5.062,0,3.977,2,4.482,3,7.928,0,9.669,34.797,,2.0,0.0,24.0,52.096,,2.0,0.0,24.0,143.993,,1.0,5.0,1.0,1.0,1.0,5.0,1.0,1.0,5.0,7.5,10.916,16.183,11.617,9.232,14.866,9.78,10.233,7.866,125.344,,05/09/2025 11:07:15,50.0,76.19,51.429
49G3FWL0QVZR,1,0,0.4117647058823529,4,5,FFFFFF,11,FFFFFF,2,FFFFFF,FFFFFF,FFFFFF,FFFFFF,5,,1,1,18,19.799,0,0,14,13.383,0,0,17,3.166,1,1,49,36.348,,3.0,20.232,3.0,13.703,4.0,18.55,4.0,18.266,4.0,3.433,3.0,5.467,4.0,11.199,90.85,,2,2,3,17.3,1,3,2,5,5,5,5,5,5,5,5,5,1,2,1.4,1,2.1,4,7.1,3,3.6,3,4.3,3,1.8,20.3,,0.0,0.0,24.0,73.487,,22.0,0.0,24.0,212.2,,5.0,5.0,5.0,5.0,5.0,5.0,5.0,5.0,5.0,6.633,3.117,13.598,4.3,7.367,9.887,60.32,16.9,20.954,173.405,,05/09/2025 11:05:24,11.538,19.048,57.143
5GICME6M6BCS,1,0,0.35294117647058826,4,4,FFFFFF,8,FFFFFF,0,FFFFFF,FFFFFF,FFFFFF,FFFFFF,0,,1,2,18,16.099,2,1,12,10.05,3,0,14,12.516,6,3,44,38.665,,1.0,5.767,2.0,12.833,4.0,14.166,1.0,3.95,4.0,5.05,4.0,8.566,2.0,15.949,66.281,,2,0,3,35.465,1,3,2,5,5,5,5,5,5,5,5,5,3,1,20.999,4,1.416,1,5.232,4,1.466,3,3.583,4,1.0,33.696,,0.0,0.0,24.0,74.746,,8.0,0.0,13.0,300.0,10.0,5.0,5.0,5.0,1.0,5.0,1.0,1.0,5.0,5.0,7.483,17.199,13.616,9.899,15.749,10.449,18.232,11.85,9.633,146.592,,05/09/2025 11:02:08,19.231,57.143,34.286
NV8C3LH1XRVH,0,0,0.4117647058823529,3,3,FDEFA7,8,FFFFFF,1,FFFFFF,413E2E,6A6A6A,000000,0,,0,0,19,10.066,0,0,14,6.7,1,2,16,24.432,1,2,49,41.198,,3.0,6.483,2.0,29.549,1.0,11.066,2.0,5.484,1.0,12.632,1.0,4.7,1.0,20.316,90.23,,2,1,1,47.165,2,3,2,3,4,2,2,2,3,2,3,2,3,0,7.3,0,3.2,1,4.9,0,1.9,4,2.5,1,4.1,23.9,,2.0,0.0,24.0,75.463,,5.0,0.0,24.0,172.608,,1.0,1.0,1.0,1.0,1.0,1.0,1.0,1.0,1.0,8.4,4.366,17.116,6.833,9.383,7.117,10.75,10.8,5.1,105.645,,05/09/2025 10:59:08,46.154,61.905,34.286
PDXGR7370SY1,1,0,0.35294117647058826,2,1,FFFFFF,2,FFFFFF,2,FFFFFF,FFFFFF,FFFFFF,FFFFFF,2,,8,1,11,47.68,9,0,5,32.915,7,0,10,27.099,24,1,26,107.694,,4.0,2.932,4.0,5.049,4.0,6.267,3.0,17.733,3.0,8.1,3.0,11.166,3.0,12.166,63.413,,2,1,1,17.383,2,3,2,3,4,2,5,4,3,4,4,5,2,4,4.831,3,3.266,2,4.05,2,6.164,3,7.963,2,1.382,27.656,,0.0,0.0,24.0,61.447,,6.0,0.0,24.0,144.66,,5.0,5.0,5.0,5.0,5.0,5.0,5.0,5.0,5.0,6.283,4.167,4.2,5.8,6.683,6.617,6.282,8.682,7.183,85.33,,05/09/2025 10:57:33,15.385,19.048,51.429
D9IBR3XGSVIS,3,1,0.5882352941176471,2,2,FFFFFF,13,FFFFFF,1,FFFFFF,FFFFFF,FFFFFF,FFFFFF,0,,3,0,16,19.615,3,0,11,9.416,3,0,14,16.033,9,0,41,45.064,,2.0,10.716,3.0,24.358,1.0,8.116,1.0,6.25,3.0,18.015,1.0,13.983,1.0,5.109,86.547,,1,1,0,22.855,1,1,2,4,5,5,4,5,5,3,4,5,1,2,4.931,2,14.317,1,4.399,3,3.416,2,2.098,2,2.816,31.977,,0.0,0.0,24.0,70.36,,2.0,0.0,24.0,133.657,,5.0,1.0,1.0,1.0,5.0,5.0,1.0,1.0,1.0,5.8,1.9,5.3,8.049,2.05,5.049,10.183,12.79,12.015,83.352,,05/09/2025 10:32:44,46.154,33.333,42.857
T4ZS9RKG8W5L,1,1,0.5294117647058824,3,0,FFFFFF,0,FFFFFF,0,FFFFFF,FFFFFF,FFFFFF,FFFFFF,0,,0,0,19,5.783,3,0,11,10.766,3,0,14,13.749,6,0,44,30.298,,3.0,6.318,2.0,5.366,3.0,14.666,4.0,16.849,3.0,3.917,4.0,7.016,4.0,6.825,60.957,,2,1,1,14.55,1,3,2,5,5,5,5,5,5,5,5,5,3,3,4.733,4,2.015,2,1.699,4,1.965,3,6.248,3,1.482,18.142,,0.0,0.0,24.0,72.156,,18.0,0.0,16.0,300.0,1.0,5.0,5.0,5.0,5.0,5.0,5.0,5.0,5.0,5.0,2.5,3.018,3.49,2.65,2.616,3.133,3.45,5.683,3.6,48.971,,05/09/2025 10:27:53,11.538,9.524,57.143
EMJWQAWOGB78,3,1,0.5882352941176471,4,3,FFFFFF,13,FFFFFF,2,FFFFFF,FFFFFF,FFFFFF,FFFFFF,5,,2,2,17,51.065,0,1,14,13.703,0,1,17,7.7,2,4,48,72.468,,1.0,5.767,2.0,3.984,2.0,18.582,2.0,7.637,1.0,6.834,1.0,13.715,1.0,7.516,64.035,,1,0,1,14.649,1,1,3,1,1,2,1,3,2,3,3,2,3,1,8.481,1,2.199,1,2.082,0,2.283,1,14.265,0,6.95,36.26,,1.0,0.0,24.0,90.217,,9.0,0.0,17.0,300.0,0.0,1.0,5.0,1.0,1.0,1.0,1.0,1.0,1.0,1.0,5.936,5.333,6.25,4.984,6.217,34.019,6.234,5.9,5.517,104.768,,05/09/2025 10:25:10,76.923,71.429,37.143
14EPUKHM4VWY,3,0,0.5294117647058824,3,3,FFFFFF,2,FFFFFF,2,FFFFFF,FFFFFF,FFFFFF,FFFFFF,0,,3,0,16,16.715,3,0,11,8.983,2,1,15,14.683,8,1,42,40.381,,3.0,22.865,3.0,6.283,4.0,11.099,4.0,8.134,3.0,13.199,4.0,3.7,3.0,4.732,70.012,,3,1,1,18.933,2,1,2,3,4,4,4,4,4,4,4,4,2,2,8.567,3,3.449,3,2.05,3,2.365,4,2.415,2,2.066,20.912,,1.0,0.0,24.0,62.664,,2.0,0.0,24.0,110.294,,5.0,5.0,1.0,1.0,1.0,5.0,5.0,5.0,5.0,4.35,6.816,9.166,9.15,7.116,3.583,3.801,14.582,3.417,83.363,,05/09/2025 10:23:25,19.231,28.571,85.714
EKZWA6AK3XBJ,3,1,0.5882352941176471,3,2,FFFFFF,3,FFFFFF,1,FFFFFF,FFFFFF,FFFFFF,FFFFFF,0,,3,0,16,17.113,3,0,11,8.233,3,0,14,7.767,9,0,41,33.113,,2.0,11.15,3.0,12.683,2.0,12.733,2.0,12.182,1.0,7.75,1.0,9.466,1.0,9.033,74.997,,1,0,1,25.149,1,1,3,3,3,1,3,1,3,3,3,1,3,1,6.262,2,8.565,1,5.53,2,8.545,2,6.749,1,1.852,37.503,,0.0,0.0,24.0,70.297,,1.0,0.0,24.0,139.211,,1.0,1.0,1.0,1.0,1.0,1.0,1.0,1.0,1.0,6.616,6.616,10.9,10.433,4.383,8.283,18.65,8.266,9.8,105.395,,05/09/2025 10:14:37,73.077,76.19,40.0
ZHLNSZ08EOLG,4,1,0.5882352941176471,0,0,FFFFFF,0,FFFFFF,0,FFFFFF,FFFFFF,FFFFFF,FFFFFF,1,,0,0,19,4.983,0,0,14,4.799,0,0,17,1.7,0,0,50,11.482,,-1.0,-1.0,-1.0,-1.0,4.0,2.066,3.0,12.2,2.0,26.475,-1.0,-1.0,1.0,18.366,56.107,0.0,1,1,0,13.433,1,1,2,4,3,4,5,1,5,2,4,4,1,0,1.183,2,7.144,2,1.465,2,1.294,3,0.414,4,0.397,11.897,,14.0,0.0,24.0,211.956,,17.0,0.0,0.0,300.0,11.0,1.0,5.0,1.0,1.0,5.0,1.0,5.0,1.0,1.0,1.449,8.798,2.533,1.6,2.0,2.315,2.415,2.5,3.133,49.781,,05/09/2025 10:10:54,23.077,19.048,51.429
4VAENHG4BD15,3,1,0.5294117647058824,4,0,FFFFFF,6,FFFFFF,2,FFFFFF,FFFFFF,FFFFFF,FFFFFF,0,,4,5,15,27.732,5,6,9,21.833,4,6,13,20.232,13,17,37,69.797,,3.0,7.366,2.0,4.116,3.0,12.35,4.0,1.6,2.0,29.949,4.0,4.866,3.0,1.617,61.864,,1,1,0,19.066,1,1,3,1,5,5,5,5,5,5,5,5,5,4,5.748,4,3.214,4,4.097,0,3.431,4,2.778,4,1.298,20.566,,,,,,,,,,,,1.0,1.0,5.0,5.0,5.0,1.0,5.0,5.0,5.0,1.534,1.85,3.532,1.816,3.299,2.466,2.416,3.416,5.2,49.98,,05/09/2025 10:05:58,73.3,100.0,88.1
TL6LQ0995YLJ,0,1,0.5294117647058824,5,0,FFFFFF,3,FFFFFF,2,FFFFFF,FFFFFF,FFFFFF,FFFFFF,0,,15,1,4,49.331,13,0,1,39.614,12,0,5,35.999,40,1,10,124.944,,3.0,5.734,1.0,33.781,2.0,5.383,1.0,29.082,1.0,2.317,1.0,7.567,3.0,18.347,102.211,,2,1,1,25.033,1,1,2,1,3,1,2,2,3,3,4,1,3,0,12.273,1,7.329,1,2.981,0,2.732,1,2.482,2,5.515,33.312,,0.0,0.0,24.0,73.404,,0.0,0.0,24.0,116.945,,5.0,1.0,5.0,1.0,1.0,1.0,1.0,1.0,1.0,9.783,6.325,8.682,6.234,6.35,5.5,8.459,5.216,6.267,87.546,,05/09/2025 10:01:51,61.538,57.143,25.714
6RUP0RTCMKVT,3,1,0.5882352941176471,3,0,FFFFFF,13,FFFFFF,2,FFFFFF,FFFFFF,FFFFFF,FFFFFF,5,,1,0,18,10.216,0,1,14,13.316,0,1,17,8.2,1,2,49,31.732,,4.0,23.832,4.0,16.717,4.0,3.417,2.0,7.966,4.0,2.35,4.0,3.483,4.0,52.347,110.112,,2,1,2,17.982,2,3,2,5,5,5,5,5,5,5,5,5,1,4,2.416,4,2.083,3,2.148,3,1.3,3,2.683,2,0.698,11.328,,0.0,0.0,24.0,121.977,,13.0,0.0,8.0,300.0,0.0,1.0,5.0,5.0,5.0,5.0,5.0,1.0,1.0,5.0,9.383,4.399,6.8,7.183,7.583,5.883,3.949,4.25,7.65,80.679,,05/09/2025 09:55:47,3.846,19.048,94.286
5L03MHHBWFNX,3,0,0.4117647058823529,2,5,D18831,8,FFFFFF,2,CD0000,4A0000,EEECE9,0C0B0A,5,,19,34,0,58.58,14,39,0,43.065,17,35,0,39.948,50,108,0,141.593,,4.0,100.478,3.0,11.981,4.0,11.633,4.0,64.58,3.0,4.1,4.0,3.433,3.0,6.883,203.088,,2,1,3,29.083,2,3,2,5,5,5,5,5,5,5,5,5,1,1,3.8,4,2.4,4,1.8,3,5.4,4,1.9,3,5.8,21.1,,0.0,0.0,24.0,59.697,,6.0,0.0,24.0,141.744,,5.0,5.0,5.0,5.0,1.0,5.0,5.0,5.0,5.0,4.649,5.233,6.182,6.299,9.483,7.367,5.184,6.583,5.583,85.98,,04/09/2025 12:13:03,11.538,9.524,85.714
SHBU3RNOQF0X,4,0,0.47058823529411764,1,2,552D2D,5,000000,0,FFFFFF,FFFFFF,FFFFFF,616161,2,,17,1,2,47.848,13,3,1,39.948,13,0,4,36.066,43,4,7,123.862,,4.0,0.866,4.0,1.433,4.0,11.017,4.0,26.382,4.0,3.616,3.0,4.134,4.0,5.183,52.631,,2,2,3,31.782,2,3,2,5,5,5,5,5,5,5,5,5,1,4,4.1,4,1.7,4,2.3,3,3.7,4,2.8,4,1.8,16.4,,1.0,0.0,24.0,44.898,,1.0,0.0,24.0,75.364,,5.0,5.0,5.0,5.0,5.0,5.0,5.0,5.0,5.0,4.284,13.482,9.25,6.733,7.8,6.883,6.366,9.383,3.066,103.68,,04/09/2025 12:03:13,38.462,42.857,80.0
31TGZRXJBNMM,0,0,0.4117647058823529,3,3,FFE894,8,9DA900,2,FF0000,18E6BE,1C312D,FF0000,6,,0,2,19,6.814,2,2,12,7.75,0,0,17,1.866,2,4,48,16.43,,3.0,8.499,2.0,15.816,4.0,8.216,4.0,5.833,4.0,14.333,3.0,7.683,3.0,16.132,76.512,,2,1,3,14.75,2,3,2,5,5,5,4,5,5,5,4,5,1,4,1.766,4,1.167,3,3.383,4,2.851,3,1.75,3,5.349,16.266,,1.0,0.0,24.0,63.281,,16.0,0.0,24.0,167.608,,5.0,5.0,5.0,5.0,5.0,1.0,5.0,5.0,5.0,4.217,2.734,19.966,9.116,7.667,13.7,5.4,6.883,9.617,116.994,,04/09/2025 11:53:37,11.538,38.095,85.714
1JHDWUDSU7J5,1,1,0.4117647058823529,5,0,FFFFFF,0,FFFFFF,0,FFFFFF,FFFFFF,FFFFFF,FFFFFF,0,,2,3,17,19.016,2,2,12,9.983,1,0,16,9.2,5,5,45,38.199,,2.0,10.415,1.0,12.934,2.0,4.399,2.0,2.649,4.0,2.766,1.0,0.884,4.0,17.699,51.746,,3,0,0,13.35,3,4,3,1,2,1,1,1,1,1,1,1,3,1,3.6,2,4.3,0,2.2,0,2.9,0,2.8,1,3.3,19.1,,1.0,0.0,24.0,69.964,,2.0,0.0,24.0,208.373,,1.0,1.0,1.0,1.0,1.0,1.0,1.0,1.0,1.0,3.601,5.716,4.084,6.666,2.949,6.216,5.884,6.834,5.617,73.364,,04/09/2025 11:52:36,61.538,66.667,17.143
CLI9QKN1VE3F,1,1,0.5882352941176471,4,3,FFFFFF,3,FFFFFF,0,FFFFFF,FFFFFF,FFFFFF,FFFFFF,5,,14,27,5,54.165,9,27,5,45.081,11,25,6,41.815,34,79,16,141.061,,2.0,10.616,2.0,13.233,2.0,8.416,3.0,20.366,2.0,12.149,4.0,9.217,4.0,8.999,82.996,,2,1,1,30.116,2,1,2,3,3,2,2,3,3,5,2,3,2,1,5.8,2,6.0,2,3.1,1,5.9,2,3.5,2,3.7,28.0,,1.0,0.0,24.0,75.863,,1.0,0.0,24.0,122.145,,5.0,1.0,5.0,5.0,1.0,5.0,5.0,1.0,5.0,7.449,6.43,9.932,6.799,7.383,9.782,8.933,9.216,10.417,105.178,,04/09/2025 11:48:30,65.385,57.143,48.571
OGEWHID8VM65,3,1,0.5294117647058824,2,2,FFFFFF,10,940000,1,FFFFFF,880E0E,C94040,DD0000,5,,0,0,19,10.216,4,15,10,46.397,6,6,11,22.516,10,21,40,79.129,,3.0,4.551,1.0,5.033,2.0,6.966,1.0,36.732,2.0,49.28,3.0,2.8,2.0,12.833,118.195,,2,1,1,30.316,1,3,2,4,1,5,5,5,5,5,5,5,1,2,2.6,4,2.9,4,2.9,4,1.3,2,5.5,4,5.0,20.2,,0.0,0.0,24.0,120.979,,7.0,0.0,12.0,300.0,1.0,5.0,5.0,5.0,5.0,5.0,5.0,5.0,5.0,1.0,5.851,6.384,4.933,3.234,6.316,5.1,5.883,3.883,4.9,70.763,,04/09/2025 11:43:56,0.0,0.0,80.0
HN387ADUJNJR,3,1,0.4117647058823529,2,0,FFFFFF,3,FFFFFF,2,FFFFFF,FFFFFF,FFFFFF,FFFFFF,0,,13,4,6,75.733,6,7,8,52.299,3,0,14,19.399,22,11,28,147.431,,2.0,6.046,1.0,25.525,2.0,13.52,1.0,34.132,1.0,10.869,4.0,11.374,1.0,12.355,113.821,,1,1,1,31.12,2,1,2,1,3,2,3,2,4,3,1,3,1,1,16.297,4,5.6,2,12.9,4,2.5,1,12.5,1,9.0,58.797,,0.0,0.0,24.0,120.748,,9.0,0.0,9.0,300.0,10.0,1.0,1.0,5.0,1.0,1.0,1.0,5.0,1.0,1.0,7.916,9.033,4.383,3.934,32.214,7.15,9.1,25.499,3.7,129.943,,04/09/2025 11:34:14,53.846,71.429,74.286
A1YW7V7SZVB6,3,0,0.5294117647058824,2,3,FFFFFF,8,FFFFFF,2,FFFFFF,FFFFFF,FFFFFF,FFFFFF,0,,3,0,16,9.699,3,0,11,6.499,3,0,14,5.534,9,0,41,21.732,,4.0,8.316,3.0,13.967,2.0,6.833,4.0,16.183,4.0,8.766,4.0,7.5,4.0,9.632,71.197,,2,2,3,35.065,1,3,1,5,5,5,4,5,5,5,5,5,1,4,7.6,4,2.8,4,4.8,4,1.6,4,2.6,4,1.8,21.2,,0.0,0.0,24.0,67.631,,1.0,0.0,24.0,140.91,,5.0,5.0,5.0,5.0,5.0,5.0,5.0,5.0,5.0,8.116,7.083,6.45,6.867,8.3,9.517,6.85,8.05,4.684,94.496,,04/09/2025 11:31:25,0.0,4.762,100.0
REYZNQQCAUTW,1,1,0.4117647058823529,2,2,FFFFFF,13,FFFFFF,2,FFFFFF,FFFFFF,FFFFFF,FFFFFF,0,,0,3,19,20.85,3,1,11,26.648,2,1,15,17.299,5,5,45,64.797,,3.0,17.833,3.0,15.749,2.0,16.183,3.0,14.416,4.0,165.758,3.0,15.599,1.0,15.016,260.554,,1,1,0,27.583,1,3,2,4,3,5,3,2,3,2,1,4,1,3,0.3,3,0.8,2,0.5,3,1.2,2,0.8,3,0.9,4.5,,0.0,0.0,24.0,83.046,,0.0,0.0,24.0,148.309,,5.0,5.0,1.0,5.0,5.0,5.0,5.0,5.0,1.0,5.966,4.517,8.464,7.817,6.816,6.016,7.233,7.834,9.782,88.912,,04/09/2025 11:27:18,11.538,19.048,62.857
U1B5RA8G85XX,1,0,0.5882352941176471,2,0,FFFFFF,5,FFFFFF,0,FFFFFF,FFFFFF,FFFFFF,FFFFFF,5,,0,0,19,3.0,0,2,14,5.183,1,0,16,2.816,1,2,49,10.999,,3.0,2.8,1.0,0.816,3.0,7.683,3.0,12.549,3.0,0.784,2.0,1.7,3.0,4.633,30.965,,3,1,3,16.483,1,1,3,4,5,5,5,1,5,2,5,2,2,3,0.667,3,0.65,4,0.566,3,1.45,4,0.967,3,0.35,4.65,,2.0,0.0,24.0,52.38,,6.0,0.0,24.0,163.959,,5.0,5.0,5.0,1.0,1.0,1.0,5.0,5.0,5.0,3.751,2.649,8.116,3.051,2.75,2.516,3.916,4.384,4.067,57.512,,04/09/2025 11:26:58,7.692,0.0,91.429
EO6RSRKFS4D8,3,1,0.35294117647058826,3,3,A4744E,13,5C4430,2,046198,464D51,0E1112,07202F,5,,6,15,13,29.211,5,13,9,25.476,7,13,10,31.085,18,41,32,85.772,,4.0,7.589,3.0,6.992,4.0,15.621,4.0,7.441,4.0,22.094,4.0,6.378,3.0,12.179,78.294,,1,1,0,30.24,2,3,2,5,4,4,4,5,5,5,4,5,1,3,11.6,3,4.4,3,4.5,4,5.0,3,5.0,3,33.055,63.555,,0.0,0.0,24.0,88.614,,1.0,0.0,24.0,165.28,,1.0,5.0,5.0,5.0,5.0,5.0,5.0,5.0,5.0,16.433,6.997,11.34,8.275,12.921,9.992,10.684,17.069,11.557,152.714,,04/09/2025 11:24:23,26.923,23.81,80.0
N91112N897RB,3,1,0.35294117647058826,1,3,FFFFFF,13,FFFFFF,0,FFFFFF,FFFFFF,F61313,ED32D5,5,,2,1,17,33.587,3,0,11,13.405,3,0,14,14.826,8,1,42,61.818,,2.0,29.339,3.0,11.391,4.0,5.31,3.0,5.644,3.0,27.005,3.0,12.243,4.0,5.207,96.139,,2,1,1,24.917,2,3,2,5,4,3,5,4,5,4,5,5,1,4,17.1,3,3.5,3,6.0,4,5.7,3,4.8,3,5.4,42.5,,0.0,0.0,24.0,92.029,,1.0,0.0,24.0,117.219,,5.0,5.0,5.0,5.0,5.0,5.0,1.0,5.0,5.0,4.463,6.398,6.926,7.06,6.677,8.49,11.187,6.429,7.228,90.979,,04/09/2025 11:23:15,19.231,33.333,74.286
BAPL8OBBSJ3L,1,1,0.35294117647058826,3,2,FFFFFF,10,FFFFFF,1,FFFFFF,FFFFFF,FFFFFF,FFFFFF,0,,17,7,2,45.147,13,1,1,40.132,10,2,7,29.382,40,10,10,114.661,,2.0,4.584,1.0,7.599,2.0,1.75,2.0,15.616,2.0,9.266,1.0,10.183,1.0,3.834,52.832,,1,1,1,16.633,3,2,2,2,2,1,2,1,3,2,2,2,5,1,3.9,1,2.1,1,1.8,1,0.7,1,2.7,2,2.7,13.9,,1.0,0.0,24.0,55.712,,13.0,0.0,24.0,164.827,,1.0,5.0,5.0,1.0,1.0,1.0,1.0,1.0,1.0,4.567,6.883,2.8,5.034,5.017,3.034,7.25,8.933,3.566,71.563,,04/09/2025 11:10:59,46.154,57.143,48.571
3R15IUACOKW1,5,1,0.4117647058823529,2,2,FFFFFF,6,FFFFFF,0,FFFFFF,FFFFFF,FFFFFF,FFFFFF,0,,2,1,17,12.85,2,1,12,14.933,3,0,14,15.067,7,2,43,42.85,,1.0,22.866,2.0,21.95,1.0,9.233,4.0,4.2,1.0,23.333,1.0,20.416,2.0,2.316,104.314,,1,0,1,13.733,1,1,2,1,3,3,3,2,4,3,2,3,3,1,12.614,0,3.098,1,3.366,2,3.364,2,3.733,2,6.668,32.843,,2.0,0.0,24.0,72.93,,5.0,0.0,24.0,145.328,,1.0,1.0,1.0,5.0,1.0,1.0,1.0,5.0,1.0,9.683,7.618,7.717,5.633,8.85,6.683,8.416,4.117,4.649,92.43,,04/09/2025 11:03:09,76.923,38.095,8.571
UQKHUB89XQX3,1,1,0.4117647058823529,2,0,FFFFFF,0,FFFFFF,0,FFFFFF,FFFFFF,FFFFFF,FFFFFF,0,,3,0,16,14.799,1,2,13,19.149,2,1,15,7.783,6,3,44,41.731,,2.0,15.232,1.0,21.565,2.0,9.949,4.0,8.201,3.0,14.432,3.0,6.782,1.0,12.917,89.078,,2,2,1,21.316,2,1,3,3,4,2,1,1,3,2,3,2,3,1,6.216,2,5.4,1,6.715,1,1.984,1,1.867,2,2.767,24.949,,0.0,0.0,24.0,97.629,,1.0,0.0,24.0,173.524,,1.0,1.0,1.0,1.0,1.0,5.0,1.0,5.0,1.0,10.134,6.85,6.451,4.867,6.416,13.932,6.682,10.866,8.083,98.162,,04/09/2025 11:02:50,42.308,52.381,34.286
CYJR1IH0LIM7,1,1,0.4117647058823529,2,0,FFFFFF,3,FFFFFF,2,FFFFFF,FFFFFF,FFFFFF,FFFFFF,5,,18,0,1,84.48,9,0,5,40.715,5,0,12,0.0,32,0,18,125.195,0.0,3.0,4.299,4.0,32.415,4.0,7.75,4.0,14.983,4.0,2.0,4.0,1.95,4.0,5.666,69.063,,2,1,2,28.749,2,3,2,5,5,5,5,5,5,5,5,5,1,4,3.4,4,1.3,4,2.2,4,1.4,4,2.1,4,3.0,13.4,,0.0,0.0,24.0,55.164,,0.0,0.0,24.0,100.145,,5.0,5.0,5.0,5.0,5.0,5.0,5.0,5.0,5.0,4.1,3.384,4.566,4.817,2.999,5.783,3.466,8.333,4.233,66.481,,04/09/2025 11:02:49,0.0,4.762,85.714
GAMZYV4R16Y0,1,0,0.47058823529411764,3,4,FFFFFF,8,FFFFFF,2,FFFFFF,FFFFFF,FFFFFF,FFFFFF,7,,8,12,11,25.799,3,0,11,15.449,3,0,14,10.75,14,12,36,51.998,,2.0,50.681,2.0,9.432,1.0,8.9,2.0,2.933,1.0,8.75,4.0,4.0,4.0,3.3,87.996,,3,1,3,33.083,3,3,2,3,2,5,2,3,4,5,3,4,1,2,6.798,2,10.147,2,9.022,2,7.282,3,9.698,2,3.199,46.146,,8.0,0.0,24.0,77.545,,10.0,0.0,24.0,105.212,,5.0,1.0,5.0,1.0,1.0,5.0,1.0,5.0,1.0,3.733,6.683,9.95,5.6,6.567,8.716,6.384,3.566,11.766,82.564,,04/09/2025 10:57:54,30.769,28.571,74.286
4O1O78EP48J2,1,1,0.47058823529411764,1,2,F2C4A6,7,F0D45F,2,A01810,441D12,210F0E,070303,0,,19,34,0,71.596,7,20,7,40.449,7,7,10,16.832,33,61,17,128.877,,4.0,3.599,2.0,8.249,3.0,7.45,3.0,10.316,3.0,6.35,4.0,5.433,3.0,2.249,43.646,,3,1,1,14.5,2,3,2,3,4,2,3,3,4,3,4,3,3,2,4.7,4,4.4,2,4.0,3,3.6,2,4.3,4,1.8,22.8,,1.0,0.0,24.0,69.813,,1.0,0.0,24.0,125.161,,1.0,5.0,1.0,5.0,5.0,5.0,5.0,5.0,1.0,3.899,3.133,7.034,4.767,7.032,4.149,4.85,5.815,4.316,67.031,,04/09/2025 10:55:36,34.615,42.857,68.571
O9OW1G2FZ1U8,1,1,0.35294117647058826,0,2,FFFFFF,10,FFFFFF,1,FFFFFF,FFFFFF,FFFFFF,FFFFFF,5,,3,0,16,19.482,5,0,9,31.349,3,3,14,23.565,11,3,39,74.396,,1.0,12.283,2.0,23.699,4.0,2.916,2.0,7.75,4.0,1.667,4.0,12.116,1.0,5.3,65.731,,0,0,1,27.332,2,2,1,1,5,5,1,1,5,1,2,5,1,0,3.8,4,3.3,1,3.6,1,2.7,4,2.7,4,3.0,19.1,,5.0,0.0,24.0,118.445,,19.0,0.0,1.0,300.0,12.0,1.0,5.0,5.0,5.0,1.0,5.0,1.0,1.0,1.0,8.034,4.851,14.715,7.949,5.851,14.766,16.983,12.666,11.534,123.179,,04/09/2025 10:38:42,100.0,80.952,77.143
U64M322YH07D,1,1,0.29411764705882354,3,2,F6D175,3,7E6832,1,FFFFFF,FFFFFF,000000,0C0B0A,5,,11,12,8,48.781,6,12,8,52.114,6,5,11,35.282,23,29,27,136.177,,2.0,6.449,3.0,24.166,3.0,11.549,2.0,24.665,1.0,30.566,4.0,10.532,2.0,8.567,116.494,,1,1,0,34.765,1,1,2,1,1,1,2,2,3,2,2,2,3,1,9.196,2,4.512,1,3.213,2,1.248,2,8.194,2,5.946,32.309,,0.0,0.0,24.0,74.678,,3.0,0.0,24.0,170.925,,1.0,5.0,1.0,1.0,1.0,5.0,1.0,5.0,1.0,6.9,9.549,10.316,9.933,13.915,10.367,9.832,13.167,7.682,114.695,,04/09/2025 10:35:36,53.846,52.381,51.429
PU3LN62VZBVM,1,1,0.29411764705882354,1,2,D3AC5E,3,88724B,1,FFFFFF,455DA3,4158CE,414ACE,0,,3,0,16,14.899,0,3,14,13.366,3,0,14,10.883,6,3,44,39.148,,2.0,7.233,3.0,9.833,2.0,7.616,2.0,28.849,3.0,8.133,4.0,10.999,1.0,9.733,82.396,,2,1,1,29.832,1,4,2,3,4,2,3,3,5,3,4,4,2,2,7.065,2,3.864,2,5.33,4,22.113,2,5.277,2,9.58,53.229,,1.0,0.0,24.0,83.563,,19.0,0.0,1.0,300.0,10.0,1.0,5.0,5.0,1.0,1.0,1.0,1.0,5.0,5.0,5.783,9.417,5.883,6.45,7.5,8.816,6.733,11.366,4.833,95.978,,04/09/2025 10:30:28,19.231,71.429,48.571
5J9SAPZNIT5R,4,0,0.47058823529411764,2,4,FFFFFF,8,FFFFFF,2,FFFFFF,FFFFFF,FFFFFF,FFFFFF,5,,19,34,0,61.765,1,7,13,17.531,0,0,17,2.084,20,41,30,81.38,,4.0,3.233,3.0,22.449,4.0,22.849,3.0,39.515,1.0,21.732,4.0,17.833,2.0,17.882,145.493,,2,1,3,56.012,1,3,2,4,4,5,5,4,4,2,3,4,2,2,14.7,2,21.2,3,3.0,3,12.1,2,43.1,3,7.0,101.1,,0.0,0.0,24.0,40.665,,0.0,0.0,24.0,104.779,,5.0,5.0,5.0,5.0,5.0,5.0,1.0,5.0,5.0,5.334,9.983,7.815,7.317,28.399,19.415,5.533,14.466,45.165,166.759,,04/09/2025 10:23:45,7.692,9.524,80.0
2X3I3PXD7BMX,3,0,0.35294117647058826,2,3,D8995B,8,FFFFFF,2,FFFFFF,FFFFFF,FFFFFF,FFFFFF,2,,6,2,13,60.748,2,1,12,8.433,0,0,17,6.982,8,3,42,76.163,,3.0,17.765,4.0,18.182,4.0,5.467,4.0,17.082,1.0,5.95,3.0,8.766,3.0,3.75,76.962,,1,1,3,42.964,2,3,2,5,4,4,4,4,4,2,4,4,1,2,6.249,3,2.283,4,11.516,3,1.983,3,3.166,2,3.583,28.78,,1.0,0.0,24.0,67.13,,5.0,0.0,24.0,184.124,,5.0,5.0,5.0,5.0,5.0,5.0,1.0,5.0,1.0,3.966,5.217,10.616,6.999,5.049,5.9,8.283,9.516,4.917,82.728,,04/09/2025 10:19:50,38.462,52.381,2.857
3MXK2K8T4HMV,1,0,0.47058823529411764,2,3,FFFFFF,11,FFFFFF,2,FFFFFF,FFFFFF,FFFFFF,FFFFFF,0,,2,1,17,29.342,1,2,13,25.816,1,2,16,14.166,4,5,46,69.324,,4.0,5.999,3.0,21.182,2.0,16.183,4.0,11.299,3.0,13.466,4.0,8.484,2.0,9.665,86.278,,2,1,1,25.849,1,2,2,5,4,4,4,3,5,3,4,2,1,3,7.3,3,7.8,3,4.4,3,2.6,2,1.6,3,4.6,28.3,,0.0,0.0,24.0,57.38,,1.0,0.0,24.0,197.724,,5.0,5.0,5.0,5.0,5.0,5.0,5.0,5.0,5.0,6.067,21.283,8.882,9.867,6.083,8.083,6.384,14.499,5.517,108.779,,04/09/2025 10:06:21,38.462,71.429,97.143
OGLK34F4Z6YX,3,1,0.47058823529411764,2,2,FFFFFF,13,FFFFFF,1,FFFFFF,FFFFFF,FFFFFF,FFFFFF,4,,3,0,16,16.833,3,0,11,7.217,3,0,14,8.499,9,0,41,32.549,,3.0,5.799,2.0,4.333,2.0,5.55,2.0,49.915,2.0,8.783,2.0,15.715,3.0,5.217,95.312,,1,1,2,22.583,3,1,3,3,2,1,2,2,5,4,2,5,3,3,11.599,2,7.749,2,6.498,4,5.533,2,6.715,4,12.266,50.36,,2.0,0.0,24.0,77.53,,4.0,0.0,24.0,155.543,,1.0,1.0,1.0,5.0,5.0,1.0,5.0,5.0,1.0,4.717,7.234,5.467,3.933,11.282,5.534,3.95,7.067,4.517,76.88,,04/09/2025 10:00:42,42.308,47.619,20.0
KNGMQB9M9XXS,3,0,0.47058823529411764,2,5,5E3131,12,020000,2,FFFFFF,393737,D9D9D9,2F2F2F,5,,19,0,0,66.33,14,0,0,49.064,15,0,2,32.982,48,0,2,148.376,,4.0,27.582,4.0,7.4,4.0,23.748,3.0,6.051,1.0,8.549,4.0,3.8,4.0,11.182,88.312,,2,2,2,19.067,2,3,2,5,5,4,5,5,5,5,5,5,1,4,6.4,4,1.266,4,1.633,3,1.016,3,4.283,3,4.099,18.697,,0.0,0.0,24.0,42.534,,1.0,0.0,24.0,99.068,,5.0,5.0,5.0,5.0,5.0,5.0,5.0,5.0,5.0,3.633,5.7,11.083,5.65,5.75,5.567,11.816,8.25,5.716,86.632,,04/09/2025 09:57:45,3.846,0.0,77.143
LQ228WDPUPZD,1,0,0.47058823529411764,2,4,FFFFFF,8,FFFFFF,2,FFFFFF,FFFFFF,FFFFFF,FFFFFF,1,,2,3,17,12.185,1,1,13,8.016,0,3,17,11.7,3,7,47,31.901,,2.0,18.449,3.0,27.316,4.0,6.115,4.0,4.217,4.0,3.733,4.0,3.533,4.0,26.616,89.979,,2,2,3,17.299,1,3,2,5,4,5,5,4,4,5,5,5,3,4,3.6,3,2.7,4,1.3,3,0.8,3,16.2,3,2.2,26.8,,0.0,0.0,24.0,62.664,,2.0,0.0,24.0,97.212,,5.0,5.0,5.0,5.0,5.0,5.0,5.0,5.0,5.0,2.684,3.116,3.116,3.367,4.482,4.75,4.917,6.749,2.55,56.898,,04/09/2025 09:49:33,0.0,14.286,85.714
Z4VATWY848LB,1,1,0.5294117647058824,0,0,FFFFFF,3,FFFFFF,1,FFFFFF,FFFFFF,FFFFFF,FFFFFF,2,,18,15,1,80.446,6,20,8,53.514,0,2,17,10.433,24,37,26,144.393,,2.0,7.232,3.0,13.767,1.0,23.348,2.0,13.916,1.0,8.9,3.0,5.933,1.0,5.433,78.529,,1,2,1,26.032,2,4,3,2,1,5,5,1,1,1,5,1,3,3,7.715,1,5.85,3,4.484,0,1.95,4,5.133,2,5.45,30.582,,0.0,0.0,24.0,41.998,,0.0,0.0,24.0,87.828,,1.0,1.0,1.0,1.0,5.0,1.0,1.0,5.0,1.0,6.299,9.599,11.35,7.933,12.332,7.583,9.066,7.9,8.617,102.444,,04/09/2025 09:47:05,61.538,90.476,82.857
UQZKBNNGD4IP,0,1,0.47058823529411764,0,1,FFFFFF,2,FFFFFF,2,FFFFFF,FFFFFF,FFFFFF,FFFFFF,2,,4,0,15,32.415,3,0,11,7.05,3,0,14,20.132,10,0,40,59.597,,4.0,5.065,3.0,9.883,1.0,8.666,4.0,4.067,4.0,29.148,4.0,5.55,3.0,1.883,64.262,,2,1,1,13.615,1,3,2,5,5,5,5,5,5,5,4,5,1,4,1.381,2,2.949,2,1.798,3,1.783,2,3.849,4,3.016,14.776,,0.0,0.0,24.0,36.63,,8.0,0.0,24.0,107.962,,5.0,5.0,1.0,5.0,5.0,5.0,1.0,5.0,5.0,4.083,4.4,9.216,3.666,5.283,9.566,8.483,8.783,7.383,87.495,,04/09/2025 09:46:06,53.846,61.905,80.0
SY13G0D0IMZG,0,0,0.5294117647058824,2,3,EBA663,8,575757,2,7E63EB,4B4054,126346,63EB8F,5,,10,0,9,74.063,4,0,10,52.081,4,0,13,21.299,18,0,32,147.443,,1.0,28.648,3.0,12.199,2.0,22.466,4.0,27.215,4.0,8.467,4.0,4.483,2.0,7.583,111.061,,2,0,2,20.831,1,3,2,5,5,5,5,5,5,5,5,5,5,4,0.9,4,3.4,4,4.1,4,6.2,3,3.2,3,3.7,21.5,,3.0,0.0,24.0,81.048,,2.0,0.0,24.0,202.992,,5.0,5.0,5.0,5.0,5.0,5.0,5.0,5.0,5.0,6.08,5.766,11.799,6.016,9.584,10.798,10.982,10.749,6.649,103.828,,03/09/2025 12:15:27,11.538,4.762,71.429
4GDRX9AMHQL6,1,0,0.4117647058823529,2,2,CDBC25,8,FFFFFF,2,66E5D5,C39533,479E93,0FC1B4,0,,10,2,9,110.451,5,0,9,0.0,0,0,17,0.0,15,2,35,110.451,1.0,4.0,25.565,-1.0,-1.0,-1.0,-1.0,-1.0,-1.0,-1.0,-1.0,-1.0,-1.0,-1.0,-1.0,19.565,2.0,1,1,1,20.716,2,3,2,5,5,5,5,5,5,5,5,5,2,3,8.9,4,4.0,3,9.9,4,8.3,3,5.3,3,5.1,41.5,,0.0,0.0,24.0,37.698,,0.0,0.0,24.0,83.629,,5.0,5.0,5.0,5.0,5.0,5.0,5.0,5.0,5.0,15.166,7.949,13.683,7.966,15.132,8.382,10.099,8.481,10.983,127.56,,03/09/2025 12:10:21,3.846,9.524,85.714
MJOAX41BB9R4,1,1,0.47058823529411764,3,2,FFFFFF,3,FFFFFF,1,FFFFFF,FFFFFF,FFFFFF,FFFFFF,0,,3,0,16,21.998,3,0,11,11.85,3,0,14,11.533,9,0,41,45.381,,2.0,6.983,2.0,21.666,2.0,1.6,2.0,2.8,1.0,4.983,4.0,27.899,1.0,12.15,78.081,,1,0,1,21.498,1,1,3,1,1,1,1,1,1,1,1,1,3,1,8.5,2,4.6,1,7.1,1,4.5,1,8.2,1,3.7,36.6,,0.0,0.0,24.0,49.714,,1.0,0.0,24.0,92.196,,1.0,1.0,1.0,1.0,1.0,1.0,1.0,1.0,1.0,4.75,3.533,9.733,4.7,4.832,5.283,5.632,6.815,8.366,80.263,,03/09/2025 12:10:08,84.615,80.952,25.714
LXHMU1RETTKU,1,0,0.4117647058823529,3,3,FFFFFF,8,FFFFFF,2,FFFFFF,FFFFFF,FFFFFF,FFFFFF,2,,2,2,17,29.766,1,2,13,10.45,1,2,16,6.399,4,6,46,46.615,,2.0,22.733,4.0,13.333,4.0,4.617,2.0,9.983,3.0,6.483,3.0,22.832,4.0,8.449,88.43,,1,1,1,22.4,2,3,2,5,5,4,5,5,5,4,4,5,1,2,6.914,3,0.916,4,3.228,3,2.08,3,2.949,4,1.964,18.051,,2.0,0.0,24.0,81.364,,23.0,0.0,13.0,300.0,0.0,5.0,5.0,5.0,5.0,5.0,5.0,5.0,5.0,5.0,4.751,4.934,10.418,7.468,7.384,6.517,7.317,9.384,4.635,86.646,,03/09/2025 12:02:47,23.077,33.333,82.857
2UIGTV7N9MCK,1,0,0.5294117647058824,4,3,FFFFFF,11,FFFFFF,2,FFFFFF,FFFFFF,FFFFFF,FFFFFF,0,,18,1,1,45.142,8,0,6,27.295,16,2,1,56.899,42,3,8,129.336,,2.0,6.473,2.0,12.661,1.0,12.008,2.0,10.37,2.0,11.406,4.0,10.688,1.0,7.643,71.249,,1,1,1,57.417,1,2,1,4,3,2,2,1,5,3,1,3,2,1,2.739,2,1.7,1,2.5,0,1.1,2,2.2,2,2.2,12.439,,0.0,0.0,24.0,44.556,,0.0,0.0,24.0,98.812,,5.0,1.0,5.0,1.0,1.0,1.0,1.0,5.0,5.0,8.078,6.021,35.875,8.898,10.989,8.178,5.67,13.831,9.684,134.571,,03/09/2025 11:56:01,23.077,23.81,37.143
GRTQ2TAZ26HP,3,0,0.47058823529411764,3,5,BEB0B0,14,191111,2,FFFFFF,FFFFFF,FFFFFF,FFFFFF,6,,3,1,16,21.984,3,0,11,14.765,2,1,15,17.983,8,2,42,54.732,,2.0,17.749,1.0,12.152,1.0,10.483,2.0,28.598,2.0,25.582,1.0,10.485,2.0,9.583,114.632,,3,1,2,30.599,3,4,3,3,2,2,2,2,3,2,2,1,4,1,5.2,1,6.6,2,4.8,1,5.1,1,5.2,2,7.4,34.3,,0.0,0.0,24.0,48.182,,8.0,0.0,24.0,165.728,,5.0,5.0,5.0,5.0,1.0,5.0,1.0,5.0,5.0,8.95,6.85,12.2,7.799,4.7,4.5,5.998,7.182,7.099,87.698,,03/09/2025 11:55:54,50.0,61.905,48.571
2C7N79OSL5HG,3,1,0.5294117647058824,1,2,FFFFFF,13,FFFFFF,1,FFFFFF,FFFFFF,FFFFFF,FFFFFF,5,,4,3,15,30.332,3,0,11,9.3,3,0,14,9.332,10,3,40,48.964,,2.0,27.098,1.0,21.099,3.0,25.949,1.0,14.949,3.0,13.449,4.0,12.0,3.0,16.883,131.427,,2,2,2,27.382,2,2,2,5,1,1,1,5,5,5,1,5,1,3,10.183,4,2.55,2,6.55,3,3.465,2,6.933,3,9.715,39.396,,0.0,0.0,24.0,64.781,,1.0,0.0,24.0,97.911,,5.0,5.0,5.0,1.0,5.0,5.0,5.0,5.0,5.0,12.699,6.884,12.165,7.0,10.0,7.766,22.681,8.933,19.166,133.561,,03/09/2025 11:37:01,38.462,42.857,68.571
B0PYE35PHHZ3,1,1,0.5294117647058824,1,2,FFFFFF,3,FFFFFF,1,FFFFFF,FFFFFF,FFFFFF,FFFFFF,0,,3,2,16,22.658,3,0,11,7.268,3,0,14,6.55,9,2,41,36.476,,2.0,3.133,1.0,14.018,2.0,7.649,2.0,15.684,1.0,19.269,4.0,7.432,2.0,3.2,70.385,,2,1,1,16.45,2,3,3,5,5,2,1,2,5,1,1,2,3,3,4.6,4,3.5,4,5.5,1,5.2,2,4.0,3,1.7,24.5,,1.0,0.0,24.0,61.82,,16.0,0.0,24.0,171.99,,1.0,5.0,1.0,1.0,1.0,1.0,1.0,5.0,5.0,3.904,10.668,6.187,4.286,3.352,3.915,4.004,7.6,5.401,74.638,,03/09/2025 11:34:22,46.154,57.143,37.143
G6J8C0CDM3T5,1,1,0.47058823529411764,4,4,FFFFFF,3,FFFFFF,2,FFFFFF,FFFFFF,FFFFFF,FFFFFF,0,,3,1,16,20.616,3,0,11,19.215,2,1,15,8.617,8,2,42,48.448,,3.0,8.233,4.0,11.199,1.0,26.332,4.0,16.116,3.0,9.633,1.0,4.416,2.0,6.6,82.529,,2,2,2,31.294,1,3,2,5,4,3,4,5,5,3,2,1,1,2,17.333,2,4.298,2,6.316,3,3.365,2,4.999,3,5.131,41.442,,2.0,0.0,24.0,61.313,,5.0,0.0,24.0,164.66,,1.0,5.0,5.0,1.0,5.0,5.0,1.0,5.0,5.0,5.383,6.051,8.417,6.083,6.283,9.182,7.749,7.284,6.899,83.328,,03/09/2025 11:22:26,57.692,52.381,51.429
R6GYK9DN29MY,3,0,0.47058823529411764,3,3,000000,12,FFFFFF,2,FFFFFF,FFFFFF,FFFFFF,FFFFFF,5,,14,0,5,54.446,6,0,8,26.982,5,6,12,21.115,25,6,25,102.543,,4.0,5.483,4.0,14.249,4.0,18.549,4.0,33.499,4.0,16.599,4.0,7.883,3.0,9.016,105.278,,2,1,1,27.415,1,3,2,5,5,5,5,5,5,5,5,5,1,4,5.3,4,3.7,4,2.5,3,1.8,4,2.1,3,2.0,17.4,,1.0,0.0,24.0,67.53,,2.0,0.0,24.0,121.628,,5.0,5.0,5.0,5.0,5.0,5.0,5.0,5.0,5.0,7.049,7.35,8.466,3.748,4.981,6.881,7.566,8.616,8.716,88.396,,03/09/2025 11:20:18,3.846,0.0,77.143
VWZNZDLVEZTS,1,0,0.5294117647058824,1,1,C09360,11,000000,2,FFFFFF,FFFFFF,FFFFFF,FFFFFF,5,,3,0,16,17.805,3,0,11,10.266,3,0,14,14.1,9,0,41,42.171,,2.0,18.781,3.0,14.099,4.0,2.7,3.0,21.966,3.0,12.583,4.0,15.016,4.0,10.499,95.644,,2,2,1,35.682,1,3,2,5,5,3,4,5,5,5,5,5,1,4,4.015,4,3.232,2,7.893,4,4.431,3,7.266,3,1.547,28.384,,1.0,0.0,24.0,56.348,,0.0,0.0,24.0,84.863,,5.0,5.0,5.0,1.0,5.0,1.0,1.0,5.0,5.0,6.617,5.685,9.267,6.332,5.715,4.917,11.883,6.683,6.716,85.396,,03/09/2025 11:12:42,30.769,38.095,71.429
PPFBBI1XMGVB,4,0,0.47058823529411764,3,5,FFFFFF,8,FFFFFF,2,FFFFFF,FFFFFF,FFFFFF,000000,7,,3,0,16,13.051,3,0,11,8.116,3,0,14,8.35,9,0,41,29.517,,2.0,15.364,1.0,46.265,4.0,10.299,3.0,21.849,4.0,17.55,1.0,11.256,1.0,11.365,133.948,,2,2,2,33.548,1,3,2,4,3,4,3,3,5,5,3,3,1,3,12.333,1,26.1,2,4.6,4,12.6,3,10.9,3,16.2,82.733,,1.0,0.0,24.0,59.147,,1.0,0.0,24.0,115.711,,5.0,1.0,5.0,1.0,1.0,5.0,5.0,5.0,5.0,10.867,7.883,12.618,10.532,26.365,9.416,15.298,7.568,5.618,134.761,,03/09/2025 11:11:37,38.462,57.143,57.143
FA8ABS6QXX06,1,1,0.5294117647058824,3,2,FFFFFF,10,FFFFFF,1,FFFFFF,FFFFFF,FFFFFF,FFFFFF,4,,18,13,1,99.381,1,0,13,24.469,3,0,14,11.44,22,13,28,135.29,,3.0,9.717,3.0,16.074,3.0,6.071,2.0,7.342,3.0,8.547,1.0,8.931,2.0,8.898,65.58,,2,1,1,24.335,1,2,3,5,3,2,4,4,4,4,3,2,1,2,3.9,2,1.6,1,2.4,3,1.984,3,0.4,2,2.2,12.484,,0.0,0.0,24.0,50.995,,0.0,0.0,24.0,118.833,,5.0,5.0,1.0,5.0,5.0,5.0,1.0,5.0,5.0,9.248,6.071,4.817,5.051,3.361,7.727,7.275,11.006,6.205,83.943,,03/09/2025 11:09:20,15.385,52.381,68.571
IJXFZ6VVVYIQ,1,0,0.5294117647058824,2,3,FFFFFF,8,FFFFFF,2,FFFFFF,FFFFFF,FFFFFF,FFFFFF,4,,13,2,6,83.181,11,3,3,55.635,5,0,12,0.0,29,5,21,138.816,0.0,4.0,15.502,1.0,12.999,1.0,15.883,2.0,6.433,2.0,11.883,2.0,18.286,1.0,18.699,99.685,,0,1,1,26.153,1,4,3,4,4,4,4,1,3,4,2,3,4,1,10.6,1,6.1,1,8.9,1,12.0,2,10.1,2,6.6,54.3,,0.0,0.0,24.0,60.999,,0.0,0.0,24.0,106.067,,1.0,1.0,5.0,1.0,1.0,1.0,1.0,5.0,5.0,6.333,6.133,17.948,11.333,5.951,11.98,6.533,8.932,8.149,109.067,,03/09/2025 11:05:44,73.077,85.714,14.286
9RJ6JK1GD5FQ,3,1,0.5294117647058824,0,2,E0A876,10,44250A,1,9975A0,050505,000000,615B63,0,,12,7,7,0.0,0,0,14,0.0,0,0,17,0.0,12,7,38,0.0,0.0,1.0,2.05,1.0,23.604,2.0,98.269,2.0,49.801,1.0,25.503,4.0,5.551,4.0,38.448,243.226,,1,1,2,22.077,2,2,2,3,4,4,3,3,4,3,3,2,3,3,16.682,2,7.098,2,5.9,3,9.196,2,6.399,3,7.097,52.372,,1.0,0.0,24.0,52.987,,10.0,0.0,24.0,235.857,,5.0,1.0,1.0,5.0,5.0,5.0,1.0,5.0,1.0,5.468,17.636,15.101,10.435,9.117,13.236,9.55,8.084,10.635,121.733,,03/09/2025 10:49:22,26.923,38.095,37.143
8BDUW7B4D3PY,3,0,0.47058823529411764,2,5,FBDD92,8,D1B22C,1,FFFFFF,FFFFFF,FFFFFF,FFFFFF,5,,14,1,5,104.245,7,4,7,0.0,0,0,17,0.0,21,5,29,104.245,10.0,4.0,16.449,3.0,34.865,1.0,12.466,4.0,21.633,4.0,12.199,4.0,16.649,4.0,12.883,127.144,,3,1,2,30.013,1,3,2,5,5,5,5,5,1,5,5,5,1,4,13.6,4,15.9,4,8.2,1,22.6,4,14.4,1,14.2,88.9,,0.0,0.0,24.0,73.68,,1.0,0.0,24.0,144.627,,5.0,5.0,1.0,5.0,5.0,5.0,5.0,5.0,5.0,3.93,5.468,12.25,4.482,3.498,6.401,6.783,5.265,6.065,77.163,,03/09/2025 10:45:35,38.462,23.81,91.429
VWME5IBTHGK5,3,1,0.5294117647058824,1,2,FFFFFF,13,FFFFFF,1,FFFFFF,FFFFFF,FFFFFF,FFFFFF,0,,17,1,2,59.665,5,2,9,58.481,8,1,9,0.0,30,4,20,118.146,0.0,4.0,7.033,4.0,13.148,2.0,13.116,4.0,17.733,1.0,2.916,4.0,3.517,1.0,11.432,68.895,,2,2,3,15.932,2,1,2,3,4,3,3,4,4,5,5,5,1,3,11.295,4,5.032,0,10.611,2,8.11,3,15.66,4,7.783,58.491,,0.0,0.0,24.0,79.914,,5.0,0.0,24.0,166.675,,5.0,5.0,-1.0,-1.0,5.0,5.0,-1.0,5.0,5.0,6.817,4.733,-1.0,-1.0,9.566,113.711,-1.0,6.249,9.666,180.0,0.0,03/09/2025 10:44:40,46.154,66.667,71.429
BO4MSX78NOO3,3,1,0.47058823529411764,2,2,D1AA85,3,614121,1,FFFFFF,FFFFFF,FFFFFF,FFFFFF,0,,19,0,0,49.323,11,0,3,38.485,17,0,0,27.897,47,0,3,115.705,,2.0,13.832,1.0,10.286,2.0,18.482,2.0,5.736,1.0,6.657,4.0,4.65,2.0,13.664,73.307,,1,0,1,20.237,1,1,2,3,2,2,1,3,4,1,3,1,5,1,2.9,2,3.8,1,4.3,1,2.8,1,3.3,2,1.9,19.0,,0.0,0.0,24.0,33.567,,0.0,0.0,24.0,97.174,,5.0,1.0,1.0,5.0,1.0,1.0,1.0,5.0,1.0,5.67,3.613,9.668,9.148,10.921,5.486,4.264,6.539,5.268,82.271,,03/09/2025 10:21:56,50.0,47.619,37.143
JCRYFTJLLOH6,0,0,0.29411764705882354,4,3,FFFFFF,11,FFFFFF,0,FFFFFF,FFFFFF,FFFFFF,FFFFFF,0,,0,2,19,16.85,0,3,14,18.065,1,2,16,12.0,1,7,49,46.915,,4.0,6.383,4.0,3.85,4.0,13.899,4.0,15.816,4.0,2.8,3.0,12.199,4.0,4.85,59.797,,2,1,0,22.731,1,3,1,5,5,5,5,5,5,5,5,5,1,0,10.915,4,6.909,4,2.572,4,1.713,4,1.114,3,5.155,28.378,,0.0,0.0,24.0,81.063,,25.0,0.0,8.0,300.0,0.0,5.0,5.0,5.0,5.0,5.0,5.0,5.0,5.0,5.0,4.216,2.366,10.282,6.5,3.65,7.831,5.432,10.966,6.117,80.713,,02/09/2025 12:06:41,3.846,14.286,88.571
W62AYIMD5V8A,0,0,0.29411764705882354,4,0,FFFFFF,7,FFFFFF,1,FFFFFF,FFFFFF,FFFFFF,FFFFFF,0,,3,0,16,15.214,3,0,11,11.85,3,1,14,19.465,9,1,41,46.529,,3.0,2.899,3.0,3.617,2.0,7.283,2.0,17.283,4.0,3.749,2.0,4.317,1.0,11.199,50.347,,2,1,1,41.348,3,4,2,5,3,2,1,5,3,2,1,5,3,0,4.019,1,5.153,2,8.298,1,6.299,2,8.499,1,5.659,37.927,,2.0,0.0,24.0,71.447,,5.0,0.0,24.0,181.792,,1.0,1.0,1.0,1.0,1.0,1.0,1.0,1.0,1.0,12.916,9.899,10.381,11.082,10.482,13.233,10.066,10.032,10.55,125.745,,02/09/2025 12:02:04,38.462,95.238,68.571
BKB8XB7FOC8J,0,0,0.29411764705882354,4,2,EBEBEB,7,151512,2,CB2027,4FCBFA,4175F6,ED2B50,6,,2,2,17,48.231,3,0,11,19.7,3,0,14,12.732,8,2,42,80.663,,3.0,17.133,4.0,12.65,4.0,11.982,4.0,54.964,3.0,14.617,4.0,9.549,4.0,9.799,130.694,,2,1,1,22.032,2,2,2,5,5,5,5,5,5,5,5,5,1,2,4.4,4,2.8,2,2.9,4,2.1,3,3.8,3,3.2,19.2,,0.0,0.0,24.0,81.112,,1.0,0.0,24.0,169.508,,1.0,5.0,5.0,5.0,5.0,5.0,5.0,5.0,5.0,7.483,4.717,6.633,6.05,7.364,12.083,4.898,12.183,7.532,94.762,,02/09/2025 11:57:27,26.923,71.429,74.286
7OQZZVBZWLPV,0,0,0.29411764705882354,4,2,FFFFFF,11,FFFFFF,2,FFFFFF,FFFFFF,FFFFFF,FFFFFF,0,,1,1,18,26.884,0,0,14,1.881,0,1,17,9.093,1,2,49,37.858,,3.0,13.336,3.0,2.145,4.0,13.289,3.0,17.232,4.0,3.417,4.0,7.656,3.0,5.866,62.941,,2,1,1,27.892,1,3,2,5,5,5,5,5,5,5,5,5,1,4,27.4,4,8.7,3,6.598,3,2.9,4,3.9,3,2.6,52.098,,0.0,0.0,24.0,57.416,,14.0,0.0,24.0,182.289,,5.0,5.0,5.0,5.0,5.0,5.0,5.0,5.0,5.0,3.149,4.563,7.893,3.83,2.881,7.261,7.361,9.226,5.781,73.059,,02/09/2025 11:54:38,11.538,33.333,85.714
07FQ5X0LS90U,0,0,0.29411764705882354,4,6,FFFFFF,10,FFFFFF,2,FFFFFF,FFFFFF,FFFFFF,FFFFFF,2,,5,5,14,26.141,2,1,12,11.872,2,1,15,8.057,9,7,41,46.07,,2.0,9.391,4.0,7.079,3.0,30.383,3.0,7.159,3.0,15.683,3.0,15.104,4.0,5.063,89.862,,2,2,2,23.966,2,1,3,5,5,4,4,5,5,4,5,5,1,4,3.499,4,1.817,3,4.396,4,1.8,4,3.348,4,4.965,19.825,,1.0,0.0,24.0,82.428,,0.0,0.0,24.0,112.537,,5.0,5.0,5.0,1.0,5.0,5.0,5.0,5.0,5.0,7.833,14.399,10.499,12.299,8.083,8.449,8.782,9.065,18.447,136.793,,02/09/2025 11:52:35,30.769,33.333,68.571
QEDFF16ADZS5,0,0,0.35294117647058826,4,0,FFFFFF,3,230000,1,FFFFFF,653000,252525,FEFEFE,0,,1,2,18,16.932,3,0,11,9.666,1,1,16,13.233,5,3,45,39.831,,3.0,16.433,3.0,10.566,3.0,7.766,2.0,12.433,2.0,15.232,4.0,10.267,3.0,10.859,83.556,,1,2,2,33.732,2,3,2,3,3,4,1,3,5,5,1,3,1,2,18.415,4,5.141,2,8.502,4,11.108,3,2.195,3,2.912,48.273,,1.0,0.0,24.0,66.03,,1.0,0.0,24.0,125.061,,1.0,1.0,5.0,5.0,1.0,5.0,1.0,1.0,5.0,6.648,6.048,13.666,6.933,11.066,6.966,9.482,10.35,11.482,110.042,,02/09/2025 11:51:33,26.923,28.571,48.571
ED5N7KV7D06H,0,0,0.29411764705882354,4,2,FFE2BE,7,1C160F,2,EDA04A,A7A7A7,130E5B,FFFFFF,0,,8,9,11,75.212,0,0,14,4.917,0,0,17,1.583,8,9,42,81.712,,2.0,12.033,2.0,1.784,2.0,5.349,2.0,10.516,2.0,5.584,1.0,10.066,1.0,4.1,49.432,,0,0,1,19.582,3,4,3,1,1,2,1,2,3,1,1,2,5,0,3.892,0,4.338,1,3.088,1,2.143,1,3.503,2,3.164,20.128,,1.0,0.0,24.0,101.412,,4.0,0.0,24.0,170.025,,1.0,1.0,1.0,5.0,1.0,1.0,1.0,1.0,1.0,3.233,6.016,6.05,6.416,6.949,6.283,6.033,4.833,4.799,79.33,,02/09/2025 11:41:37,80.769,66.667,34.286
Z19P80W464NT,0,0,0.29411764705882354,4,2,E1CE8F,3,846B18,1,FFFFFF,BD237C,122447,A12A6F,5,,2,1,17,22.065,3,0,11,26.882,3,0,14,20.716,8,1,42,69.663,,3.0,9.1,2.0,8.132,4.0,21.483,4.0,10.632,2.0,18.347,2.0,4.084,4.0,5.2,76.978,,1,1,2,44.065,2,4,2,5,1,1,1,5,5,5,5,5,1,1,10.005,4,7.748,3,6.548,2,9.638,1,8.278,1,2.599,44.816,,0.0,0.0,24.0,154.56,,0.0,0.0,15.0,300.0,12.0,5.0,1.0,1.0,5.0,1.0,1.0,1.0,5.0,5.0,9.999,8.633,12.566,10.816,8.515,12.049,5.0,8.031,9.982,143.893,,02/09/2025 11:35:08,50.0,100.0,94.286
FX4PJ33W5LXW,0,0,0.35294117647058826,4,0,F5DD94,3,D52121,1,FFFFFF,7F8789,FEF800,FEA700,0,,3,0,16,24.864,3,0,11,11.317,3,0,14,20.633,9,0,41,56.814,,4.0,40.232,4.0,20.415,3.0,46.531,3.0,14.966,3.0,12.017,3.0,11.716,3.0,11.332,157.209,,1,2,3,20.949,2,1,2,4,5,4,3,4,4,4,4,4,3,3,15.645,3,3.574,3,3.083,3,2.562,2,4.288,3,5.403,34.555,,0.0,0.0,24.0,119.36,,7.0,0.0,5.0,300.0,1.0,1.0,5.0,1.0,5.0,5.0,1.0,1.0,5.0,5.0,5.683,7.55,12.316,13.349,7.65,19.366,11.198,10.982,4.832,115.144,,02/09/2025 11:23:15,34.615,38.095,62.857
F1LGNT11I7UV,0,0,0.29411764705882354,4,3,FFFFFF,6,FFFFFF,0,FFFFFF,FFFFFF,FFFFFF,FFFFFF,5,,4,0,15,20.432,9,4,5,36.931,6,11,11,26.649,19,15,31,84.012,,4.0,19.433,3.0,13.149,4.0,9.417,4.0,41.913,3.0,6.883,4.0,10.327,4.0,12.389,113.511,,2,1,1,33.765,2,3,2,4,5,5,4,5,5,5,5,5,1,4,10.378,4,5.091,4,7.873,3,6.242,4,5.926,3,3.999,39.509,,0.0,0.0,24.0,120.427,,0.0,0.0,24.0,174.542,,5.0,5.0,5.0,1.0,5.0,5.0,5.0,5.0,5.0,6.566,12.616,11.349,16.349,9.231,9.35,15.416,13.315,11.016,136.209,,02/09/2025 11:15:10,11.538,19.048,60.0
MX6QCAB9CTBP,0,0,0.35294117647058826,4,3,F0CF85,8,FFFFFF,2,FFFFFF,0023FF,FFFFFF,2000FF,5,,0,0,19,4.4,0,0,14,2.4,0,0,17,3.067,0,0,50,9.867,,4.0,50.364,4.0,7.032,4.0,3.2,4.0,51.481,4.0,8.633,4.0,3.266,4.0,13.8,137.776,,1,2,3,15.648,2,3,2,5,5,5,5,5,5,5,5,5,1,4,6.17,4,1.506,4,0.502,4,0.339,4,1.7,4,0.461,10.678,,1.0,0.0,24.0,58.23,,7.0,0.0,24.0,94.447,,5.0,5.0,5.0,5.0,5.0,5.0,5.0,5.0,5.0,3.65,2.433,4.184,5.716,5.117,5.05,4.583,9.748,4.3,67.347,,02/09/2025 11:00:27,3.846,4.762,77.143
2E3CPEZXP1D0,0,0,0.35294117647058826,4,4,FFC394,8,BE7237,2,FFFFFF,FFFFFF,FFFFFF,FFFFFF,0,,1,2,18,46.579,0,3,14,24.845,1,2,16,18.798,2,7,48,90.222,,3.0,2.829,3.0,42.277,1.0,16.167,3.0,6.024,4.0,7.342,4.0,6.395,4.0,17.483,98.517,,2,1,1,29.19,2,2,2,4,4,4,5,4,4,4,4,5,5,3,7.8,2,5.3,2,3.8,3,4.5,3,6.6,2,7.4,35.4,,2.0,0.0,24.0,74.482,,2.0,0.0,24.0,118.199,,5.0,5.0,5.0,5.0,5.0,5.0,5.0,5.0,5.0,3.33,3.38,3.997,4.563,4.116,6.164,9.858,9.244,7.244,74.314,,02/09/2025 10:54:05,26.923,28.571,42.857
Z1K23RRTVJXY,0,0,0.29411764705882354,4,2,FFE4B5,7,0036FF,1,FFFFFF,000000,2200E5,4A4B4C,0,,3,0,16,19.88,3,0,11,13.499,3,0,14,11.05,9,0,41,44.429,,-1.0,-1.0,2.0,8.183,-1.0,-1.0,2.0,27.349,2.0,12.583,-1.0,-1.0,1.0,22.182,67.297,1.0,1,1,1,25.715,2,1,2,2,3,3,2,3,3,3,3,2,2,2,20.965,2,8.943,2,4.097,2,4.465,2,5.67,2,4.13,48.27,,0.0,0.0,24.0,59.498,,2.0,0.0,24.0,106.145,,1.0,5.0,1.0,5.0,-1.0,-1.0,1.0,1.0,-1.0,5.882,34.565,23.582,20.598,,,35.565,26.416,,180.0,0.0,02/09/2025 10:53:02,19.231,19.048,25.714
9BKFAYB3NAQ7,0,0,0.35294117647058826,4,5,FFFFFF,8,FFFFFF,2,FFFFFF,FFFFFF,FFFFFF,FFFFFF,3,,1,2,18,9.416,2,1,12,5.55,1,2,16,6.083,4,5,46,21.049,,3.0,3.149,3.0,6.3,4.0,16.199,4.0,11.367,4.0,2.783,4.0,10.233,3.0,5.616,55.647,,3,1,3,22.032,1,3,2,3,5,3,5,4,5,5,3,1,1,2,8.4,4,2.5,4,2.8,3,2.6,4,3.1,3,4.1,23.5,,2.0,0.0,24.0,69.03,,1.0,0.0,24.0,137.96,,5.0,5.0,5.0,5.0,5.0,5.0,5.0,1.0,5.0,7.384,8.199,13.814,10.783,6.133,28.599,28.916,10.433,5.333,146.41,,02/09/2025 10:47:44,38.462,80.952,77.143
ZTFARHAP1YMZ,0,0,0.35294117647058826,4,2,EED284,3,1D1706,1,FFFFFF,FFFFFF,FFFFFF,FFFFFF,5,,4,4,15,36.902,5,12,9,45.215,4,4,13,43.847,13,20,37,125.964,,-1.0,-1.0,-1.0,-1.0,-1.0,-1.0,-1.0,-1.0,2.0,13.716,-1.0,-1.0,1.0,55.346,64.062,10.0,2,1,0,20.933,1,3,2,5,3,3,4,4,3,4,3,3,1,4,14.718,2,7.966,2,6.648,2,7.699,1,4.144,2,7.634,48.809,,1.0,0.0,24.0,102.694,,4.0,0.0,24.0,180.074,,5.0,5.0,5.0,1.0,5.0,1.0,1.0,5.0,5.0,6.933,7.833,7.883,8.798,9.298,8.966,11.515,7.915,11.883,105.411,,02/09/2025 10:44:52,11.538,42.857,65.714
X8NSD6SHSDGA,0,0,0.35294117647058826,4,3,FFFFFF,8,FFFFFF,2,FFFFFF,FFFFFF,FFFFFF,FFFFFF,5,,3,0,16,16.616,3,0,11,13.881,3,0,14,12.416,9,0,41,42.913,,4.0,1.784,4.0,9.383,4.0,11.049,4.0,20.116,4.0,9.016,4.0,6.683,4.0,6.916,64.947,,2,1,1,16.7,1,3,2,5,5,5,5,5,5,5,5,5,1,4,4.297,4,4.448,4,2.065,3,1.332,4,2.65,3,3.615,18.407,,1.0,0.0,24.0,72.695,,4.0,0.0,24.0,164.359,,5.0,5.0,1.0,5.0,5.0,5.0,5.0,5.0,5.0,3.267,3.6,2.95,3.068,2.517,2.566,2.033,3.967,2.034,46.781,,02/09/2025 10:37:56,7.692,9.524,85.714
QIOOGDQS8KCI,3,0,0.5882352941176471,1,4,FFFFFF,2,FFFFFF,1,FFFFFF,FFFFFF,FFFFFF,FFFFFF,0,,2,4,17,81.746,3,0,11,13.932,3,0,14,17.917,8,4,42,113.595,,3.0,6.116,3.0,20.683,3.0,13.999,4.0,5.766,3.0,7.783,4.0,9.183,3.0,5.65,69.18,,2,1,1,19.499,1,2,2,5,5,5,4,5,4,4,4,2,1,3,11.3,2,12.8,3,12.4,3,5.4,3,8.1,2,1.4,51.4,,0.0,0.0,24.0,52.946,,1.0,0.0,24.0,115.528,,5.0,5.0,5.0,5.0,5.0,5.0,1.0,5.0,5.0,5.264,3.399,7.239,3.717,4.116,5.883,5.015,5.9,6.232,72.03,,26/08/2025 14:27:28,23.077,23.81,62.857
WTBT78W69QYE,3,0,0.4117647058823529,4,2,FFFFFF,9,FFFFFF,2,FFFFFF,FFFFFF,FFFFFF,FFFFFF,5,,3,0,16,11.399,3,0,11,6.532,3,0,14,6.65,9,0,41,24.581,,2.0,24.171,2.0,20.115,2.0,14.199,1.0,8.466,1.0,8.701,1.0,18.916,1.0,3.083,97.651,,1,0,0,18.484,1,2,2,1,2,2,3,4,4,2,3,3,4,1,3.084,1,2.546,1,3.641,1,5.223,1,0.831,1,1.729,17.054,,1.0,0.0,24.0,56.715,,4.0,0.0,24.0,88.162,,1.0,1.0,1.0,1.0,5.0,1.0,1.0,1.0,1.0,5.231,2.517,4.4,6.416,7.882,4.298,3.682,6.25,6.782,69.28,,26/08/2025 14:24:21,42.308,52.381,45.714
K6J30VGKQM0W,4,0,0.5294117647058824,0,2,FFFFFF,7,FFFFFF,2,FFFFFF,FFFFFF,FFFFFF,FFFFFF,0,,19,0,0,55.897,14,1,0,53.331,11,1,6,38.016,44,2,6,147.244,,3.0,6.299,3.0,12.883,1.0,4.633,4.0,4.15,3.0,8.433,3.0,5.934,1.0,44.647,86.979,,3,2,3,27.948,2,2,2,5,1,5,2,2,3,2,1,1,3,4,10.6,2,6.899,2,2.8,4,9.7,3,11.7,1,31.875,73.574,,2.0,0.0,24.0,50.465,,0.0,0.0,24.0,71.63,,5.0,1.0,1.0,5.0,1.0,5.0,1.0,5.0,5.0,3.466,3.466,5.1,5.316,6.149,5.834,5.966,8.032,5.198,70.063,,26/08/2025 14:18:10,15.385,28.571,54.286
2YH0X7SKNSAD,3,0,0.5882352941176471,1,2,FFFFFF,2,FFFFFF,1,FFFFFF,000000,7F7F7F,5678CD,0,,18,8,1,92.162,12,5,2,0.0,0,0,17,0.0,30,13,20,92.162,0.0,2.0,6.833,2.0,4.417,2.0,5.05,4.0,9.449,1.0,6.083,4.0,10.316,3.0,73.697,115.845,,1,0,1,18.065,3,1,2,2,3,2,3,2,4,4,2,2,4,1,6.883,2,2.763,1,4.8,2,5.467,2,2.046,1,3.399,25.358,,0.0,0.0,24.0,51.331,,0.0,0.0,24.0,81.596,,1.0,1.0,1.0,1.0,1.0,1.0,1.0,5.0,1.0,6.982,7.916,8.768,11.532,10.3,8.084,7.666,5.25,6.216,94.229,,26/08/2025 14:10:36,42.308,57.143,25.714
MB3FOZS3ZDH1,3,0,0.4117647058823529,4,3,F6D592,7,594C32,2,FFFFFF,FFFFFF,FFFFFF,070704,0,,18,1,1,66.514,11,0,3,49.347,11,0,6,0.0,40,1,10,115.861,0.0,3.0,1.45,4.0,17.149,3.0,16.082,2.0,4.051,3.0,11.099,3.0,9.517,2.0,4.445,63.793,,2,1,0,31.032,1,3,2,4,3,4,3,4,4,4,2,2,1,1,7.383,2,4.188,2,10.7,3,2.143,2,2.254,2,5.699,32.367,,1.0,0.0,24.0,54.631,,5.0,0.0,24.0,116.295,,5.0,5.0,5.0,5.0,1.0,5.0,1.0,5.0,1.0,5.067,3.65,7.15,4.283,5.017,7.982,5.833,6.115,7.967,73.217,,26/08/2025 12:16:10,23.077,33.333,60.0
8B9WZQSMYUFX,3,0,0.47058823529411764,2,2,FFFFFF,9,FFFFFF,1,FFFFFF,FFFFFF,FFFFFF,FFFFFF,5,,4,0,15,26.631,0,3,14,20.566,3,0,14,14.433,7,3,43,61.63,,2.0,34.381,1.0,24.682,3.0,10.083,2.0,18.516,3.0,8.45,4.0,11.548,3.0,14.417,122.077,,2,1,1,31.982,1,2,2,5,5,5,5,1,2,3,5,5,5,1,9.114,0,3.632,2,2.198,0,1.332,1,7.032,3,7.596,30.904,,4.0,0.0,24.0,84.496,,2.0,0.0,24.0,120.277,,5.0,1.0,5.0,1.0,1.0,5.0,1.0,5.0,1.0,5.333,8.149,9.4,13.382,10.4,14.466,14.383,9.432,12.517,125.111,,26/08/2025 12:03:50,53.846,61.905,45.714
NO8JX88TRODG,3,0,0.47058823529411764,3,2,FFFFFF,2,FFFFFF,1,FFFFFF,FFFFFF,FFFFFF,FFFFFF,2,,3,1,16,29.765,3,0,11,14.166,3,0,14,10.4,9,1,41,54.331,,2.0,19.049,1.0,13.415,2.0,9.716,2.0,7.1,3.0,8.116,3.0,3.967,2.0,37.549,98.912,,1,1,1,24.816,1,2,3,2,2,1,3,3,3,2,3,1,5,1,4.376,1,2.445,1,0.732,1,1.915,1,2.016,1,1.165,12.649,,2.0,0.0,24.0,71.247,,1.0,0.0,24.0,120.478,,1.0,1.0,1.0,1.0,1.0,1.0,1.0,1.0,5.0,7.549,11.183,4.75,5.733,5.499,6.833,4.433,6.867,6.317,82.113,,26/08/2025 12:03:39,53.846,42.857,48.571
FR8LYMFEAWS2,4,0,0.7058823529411765,3,3,FFFFFF,4,FFFFFF,2,FFFFFF,FFFFFF,FFFFFF,FFFFFF,0,,3,0,16,20.799,3,0,11,6.766,3,0,14,6.85,9,0,41,34.415,,3.0,10.783,3.0,1.701,4.0,9.116,1.0,11.449,1.0,11.399,4.0,6.249,2.0,8.617,59.314,,2,1,2,27.581,1,2,2,3,2,3,2,2,2,2,3,3,2,2,3.8,2,4.1,2,4.0,2,5.5,1,2.4,2,3.1,22.9,,1.0,0.0,24.0,50.981,,5.0,0.0,24.0,76.847,,5.0,1.0,5.0,1.0,5.0,1.0,1.0,5.0,1.0,7.366,6.783,6.017,6.683,13.95,9.883,6.349,6.317,5.199,90.164,,26/08/2025 11:58:46,15.385,42.857,37.143
VADVPB0AT3PN,3,0,0.5882352941176471,1,2,C37F52,6,311A0B,2,FD007A,6E4222,E880A3,D57696,2,,17,27,2,84.73,6,23,8,51.281,6,13,11,0.0,29,63,21,136.011,10.0,4.0,1.549,3.0,18.566,2.0,13.066,3.0,14.116,3.0,4.917,4.0,8.433,4.0,7.266,67.913,,1,1,1,26.882,1,3,2,5,5,5,5,5,5,5,5,1,1,3,8.7,4,5.4,3,4.4,3,11.6,3,3.3,3,3.7,37.1,,0.0,0.0,24.0,58.881,,5.0,0.0,24.0,115.594,,5.0,5.0,5.0,5.0,5.0,5.0,5.0,5.0,5.0,6.751,4.716,10.666,12.548,9.867,11.433,8.867,7.5,10.431,106.412,,26/08/2025 11:52:00,19.231,42.857,82.857
TNH37BEZASOJ,4,3,0.7058823529411765,2,3,FFFFFF,2,FFFFFF,2,FFFFFF,FFFFFF,FFFFFF,FFFFFF,5,,14,11,5,107.297,5,11,9,0.0,0,0,17,0.0,19,22,31,107.297,0.0,2.0,14.896,1.0,17.212,3.0,45.935,2.0,8.329,1.0,27.643,4.0,103.562,3.0,17.274,234.851,,3,1,2,35.153,2,2,2,5,2,4,5,2,2,1,1,1,1,1,6.941,0,7.288,4,6.286,1,9.14,1,6.553,1,8.005,44.213,,3.0,0.0,24.0,70.959,,7.0,0.0,24.0,153.891,,5.0,1.0,1.0,1.0,5.0,5.0,1.0,5.0,1.0,17.363,8.882,9.433,9.966,16.662,12.465,7.864,20.98,19.631,149.584,,26/08/2025 11:50:52,61.538,85.714,31.429
7CJPD6ATH0TS,1,0,0.5882352941176471,1,2,F19D5F,2,FFFFFF,2,FFFFFF,FFFFFF,FFFFFF,FFFFFF,5,,6,6,13,45.297,0,9,14,37.771,3,6,14,29.825,9,21,41,112.893,,4.0,18.531,3.0,18.018,1.0,10.73,4.0,14.737,4.0,7.449,4.0,8.045,4.0,17.726,95.236,,2,2,1,27.569,2,3,2,5,5,5,5,5,5,5,5,5,3,4,3.896,4,2.598,2,3.299,4,1.297,3,2.495,4,2.199,15.784,,0.0,0.0,24.0,91.885,,22.0,0.0,10.0,300.0,0.0,5.0,5.0,5.0,5.0,5.0,5.0,1.0,5.0,5.0,10.448,7.831,8.517,6.585,5.847,10.263,8.564,9.349,10.148,106.528,,26/08/2025 11:35:04,23.077,47.619,85.714
RL1BDEAQUD25,1,0,0.6470588235294118,3,2,FFFFFF,9,FFFFFF,2,FFFFFF,FFFFFF,FFFFFF,FFFFFF,1,,2,0,17,12.316,3,0,11,14.099,3,0,14,9.666,8,0,42,36.081,,4.0,1.967,3.0,6.549,4.0,6.366,4.0,10.266,3.0,5.0,3.0,9.283,4.0,7.649,47.08,,2,2,1,12.084,2,3,2,5,5,5,5,4,4,5,4,4,1,2,11.612,2,6.016,2,5.532,3,5.125,2,2.233,3,2.829,33.347,,0.0,0.0,24.0,46.432,,2.0,0.0,24.0,93.995,,5.0,5.0,5.0,1.0,5.0,5.0,5.0,5.0,5.0,3.451,5.8,5.517,12.267,4.25,9.1,3.7,5.083,6.667,81.196,,26/08/2025 11:32:52,11.538,52.381,57.143
YQMIUAXNY70S,1,0,0.5882352941176471,3,4,F3D080,2,704B26,2,FF0808,6C431B,3B3B3B,C9C1B5,0,,1,0,18,9.449,3,0,11,10.268,3,0,14,21.281,7,0,43,40.998,,3.0,17.381,3.0,7.583,4.0,5.133,3.0,22.415,3.0,8.084,4.0,7.183,3.0,4.799,72.578,,2,1,2,33.531,1,3,2,5,4,3,3,4,5,5,4,5,1,2,19.914,4,6.674,3,5.383,4,6.373,3,4.798,4,2.207,45.349,,0.0,0.0,24.0,61.029,,1.0,0.0,24.0,104.446,,5.0,5.0,5.0,5.0,1.0,5.0,1.0,5.0,5.0,4.949,4.883,6.766,11.95,11.132,5.367,11.5,6.782,4.834,96.179,,26/08/2025 11:31:24,26.923,42.857,77.143
7J5ZV0VHHTOH,3,0,0.6470588235294118,1,3,FFFFFF,9,FFFFFF,2,FFFFFF,FFFFFF,FFFFFF,FFFFFF,5,,5,2,14,44.73,3,0,11,11.4,3,0,14,10.149,11,2,39,66.279,,2.0,25.615,2.0,6.566,2.0,8.516,2.0,5.751,1.0,7.766,4.0,6.816,1.0,10.333,71.363,,3,0,1,20.432,3,2,3,2,3,1,1,1,5,1,2,1,1,0,4.1,2,3.3,1,2.1,2,3.0,1,5.0,2,2.5,20.0,,2.0,0.0,24.0,64.63,,2.0,0.0,24.0,88.129,,1.0,1.0,1.0,1.0,1.0,1.0,1.0,1.0,1.0,6.8,6.733,5.199,4.4,6.5,4.766,4.734,4.9,4.783,71.863,,26/08/2025 11:24:50,92.308,90.476,31.429
A8D5A1N5AY1P,3,1,0.6470588235294118,3,0,746F7F,0,1C0808,0,FFFFFF,FFFFFF,FFFFFF,6E5B9C,0,,4,0,15,44.5,3,0,11,18.399,3,0,14,34.816,10,0,40,97.715,,2.0,7.848,2.0,64.149,2.0,13.916,2.0,16.049,3.0,25.552,4.0,4.466,2.0,60.732,192.712,,2,0,0,21.985,1,2,3,1,5,1,1,2,5,2,1,3,3,0,4.9,1,1.9,1,3.6,1,2.1,1,1.4,2,6.4,20.3,,3.0,0.0,24.0,238.777,,9.0,0.0,0.0,300.0,11.0,1.0,1.0,5.0,1.0,5.0,1.0,1.0,1.0,1.0,9.319,7.4,15.585,11.982,10.451,9.749,38.482,8.817,8.584,150.047,,26/08/2025 11:09:32,88.462,90.476,17.143
N12D7LBZ88EE,3,0,0.6470588235294118,2,3,FFE4A1,8,E3A200,2,A80003,643400,B513F6,B500FF,0,,16,5,3,51.747,14,1,0,53.964,12,0,5,0.0,42,6,8,105.711,0.0,3.0,9.217,1.0,7.983,2.0,7.049,1.0,16.583,2.0,5.883,4.0,5.483,3.0,25.416,77.614,,2,0,1,18.749,1,3,2,3,4,4,2,3,4,3,1,2,2,1,7.414,1,5.247,2,7.262,2,2.799,2,9.71,2,12.13,44.562,,0.0,0.0,24.0,32.048,,4.0,0.0,24.0,85.28,,5.0,1.0,1.0,1.0,5.0,1.0,5.0,5.0,1.0,5.666,3.716,7.233,4.6,10.55,6.017,8.3,10.467,3.482,82.813,,26/08/2025 11:03:36,42.308,61.905,34.286
Y3A9ROJCUNRR,1,0,0.6470588235294118,2,1,FFFFFF,9,FFFFFF,0,FFFFFF,FFFFFF,FFFFFF,FFFFFF,5,,2,1,17,54.764,3,0,11,22.222,3,0,14,13.693,8,1,42,90.679,,2.0,17.393,1.0,20.294,4.0,1.3,2.0,15.144,1.0,14.4,4.0,6.641,1.0,24.642,99.814,,1,1,1,21.746,1,1,1,3,3,3,1,2,4,2,3,2,3,3,30.217,2,17.259,1,13.975,2,6.186,1,5.823,2,9.34,82.8,,0.0,0.0,24.0,66.509,,3.0,0.0,24.0,124.122,,1.0,1.0,1.0,1.0,1.0,5.0,1.0,5.0,1.0,8.796,7.866,12.529,5.783,5.935,14.132,8.363,13.329,6.882,115.181,,26/08/2025 11:00:52,73.077,66.667,51.429
UAVRQMGPWBQN,1,0,0.5294117647058824,2,3,FFFFFF,1,FFFFFF,2,FFFFFF,FFFFFF,FFFFFF,FFFFFF,0,,3,0,16,9.152,3,0,11,7.129,3,0,14,5.915,9,0,41,22.196,,2.0,5.149,1.0,7.245,2.0,7.365,1.0,14.593,1.0,7.495,1.0,4.567,2.0,12.328,58.742,,1,0,1,21.543,3,1,3,2,3,2,2,1,3,2,2,1,4,1,3.588,2,1.895,1,4.671,0,6.527,1,2.41,2,3.721,22.812,,1.0,0.0,24.0,52.35,,2.0,0.0,24.0,79.422,,1.0,1.0,1.0,1.0,1.0,1.0,1.0,5.0,1.0,4.849,10.577,7.698,5.267,16.494,7.065,17.726,8.461,11.631,117.093,,26/08/2025 10:24:13,73.077,85.714,0.0
2YEMWUQKUXN1,1,0,0.5294117647058824,1,3,FFFFFF,7,FFFFFF,2,FFFFFF,FFFFFF,FFFFFF,FFFFFF,0,,19,2,0,62.484,14,0,0,45.368,16,0,1,35.098,49,2,1,142.95,,3.0,4.349,3.0,15.033,4.0,8.497,4.0,9.15,4.0,8.886,4.0,4.784,3.0,2.599,53.298,,1,1,2,22.886,1,3,2,5,3,4,5,4,5,5,4,2,1,3,8.7,3,2.4,2,3.2,2,3.0,2,2.1,2,3.4,22.8,,0.0,0.0,24.0,43.848,,17.0,0.0,24.0,140.068,,5.0,5.0,5.0,1.0,5.0,1.0,5.0,5.0,5.0,4.786,4.633,12.132,6.433,8.366,10.633,6.3,5.4,7.784,88.348,,26/08/2025 10:20:48,15.385,9.524,45.714
N0BI37SH5I7Z,0,0,0.5882352941176471,4,0,FFFFFF,8,CFFFE2,2,5F7568,FFFFFF,FFFFFF,FFFFFF,0,,3,0,16,18.48,3,0,11,7.034,3,0,14,6.249,9,0,41,31.763,,1.0,321.13,,,,,,,,,,,,,687.59,,2,1,2,18.499,2,3,3,1,1,5,4,3,5,5,4,4,3,2,21.648,4,3.716,4,1.048,4,4.15,0,3.283,3,7.616,41.461,,4.0,0.0,24.0,62.096,,14.0,0.0,24.0,132.661,,1.0,1.0,5.0,1.0,1.0,5.0,1.0,1.0,5.0,3.499,7.283,14.033,8.566,7.3,5.982,4.216,3.016,3.066,76.428,,20/08/2025 15:39:59,76.923,57.143,74.286
9BWU6DXHKP1G,0,0,0.6470588235294118,4,0,FFFFFF,0,FFFFFF,2,FFFFFF,FFFFFF,FFFFFF,FFFFFF,0,,16,2,3,119.629,4,0,10,21.347,0,2,17,0.0,20,4,30,140.976,10.0,3.0,6.696,1.0,12.191,1.0,6.921,1.0,16.341,4.0,42.698,4.0,33.237,3.0,44.791,162.875,,1,0,1,24.833,1,1,3,5,2,4,3,2,3,3,2,1,3,2,10.967,2,12.82,2,6.566,2,7.899,2,4.617,2,6.45,49.319,,0.0,0.0,24.0,36.448,,2.0,0.0,24.0,103.629,,1.0,1.0,1.0,5.0,1.0,5.0,1.0,1.0,1.0,11.35,21.782,21.483,24.699,8.449,5.983,7.733,10.633,6.95,144.426,,20/08/2025 15:29:29,26.923,66.667,62.857
A9C1MM241X6I,0,0,0.5882352941176471,4,2,FFFFFF,2,FFFFFF,1,FFFFFF,FFFFFF,FFFFFF,FFFFFF,5,,18,0,1,77.195,13,0,1,44.365,16,0,1,0.0,47,0,3,121.56,10.0,2.0,6.462,4.0,15.363,1.0,11.457,2.0,8.019,1.0,6.677,4.0,5.934,2.0,5.528,59.44,,2,1,1,18.498,2,2,2,2,3,2,3,3,4,3,4,3,2,0,5.697,2,4.997,2,3.398,4,5.598,1,3.5,4,8.296,31.486,,0.0,0.0,24.0,53.813,,0.0,0.0,24.0,103.978,,1.0,1.0,1.0,1.0,1.0,1.0,1.0,5.0,5.0,5.917,16.866,5.149,7.716,7.566,6.95,4.882,5.05,6.15,89.079,,20/08/2025 15:02:23,46.154,66.667,65.714
I5H42OWBPQMQ,0,0,0.6470588235294118,4,0,FFFFFF,9,FFFFFF,2,FFFFFF,FFFFFF,FFFFFF,FFFFFF,0,,0,0,19,5.733,0,0,14,2.833,0,0,17,2.0,0,0,50,10.566,,,,,,,,,,,,,,,,0.0,,1,0,0,18.466,3,1,3,1,1,1,1,1,1,1,1,2,3,0,4.018,1,5.999,0,4.299,0,1.416,0,1.367,1,2.899,19.998,,1.0,0.0,24.0,166.426,,2.0,0.0,20.0,0.0,0.0,1.0,1.0,1.0,1.0,1.0,1.0,1.0,1.0,1.0,4.9,9.716,7.616,5.349,7.983,6.768,7.599,27.766,5.55,110.93,,20/08/2025 14:59:37,65.385,90.476,14.286
TODGGBCSSO18,0,0,0.5294117647058824,4,2,FFFFFF,9,FFFFFF,1,FFFFFF,FFFFFF,FFFFFF,FFFFFF,5,,1,2,18,28.982,3,0,11,18.198,3,0,14,9.434,7,2,43,56.614,,4.0,5.785,4.0,13.047,3.0,17.517,3.0,20.384,4.0,5.234,4.0,6.5,4.0,5.968,74.435,,2,1,1,29.699,1,1,2,5,5,2,5,3,4,5,3,5,1,4,8.692,4,4.6,2,11.197,2,8.795,4,4.497,2,5.2,42.981,,0.0,0.0,24.0,80.48,,0.0,0.0,24.0,156.825,,5.0,5.0,5.0,5.0,1.0,5.0,5.0,5.0,5.0,6.815,6.851,8.183,11.833,8.315,7.482,10.832,5.551,14.549,106.462,,20/08/2025 14:43:43,19.231,71.429,82.857
OXNTEGA7MERH,0,0,0.5882352941176471,4,2,FFFFFF,2,FFFFFF,1,FFFFFF,FFFFFF,FFFFFF,FFFFFF,2,,0,4,19,32.45,3,0,11,11.116,2,1,15,12.999,5,5,45,56.565,,4.0,1.534,3.0,7.755,4.0,4.345,3.0,5.442,4.0,3.098,4.0,12.577,3.0,7.682,42.433,,2,1,2,25.749,3,3,2,5,5,5,4,5,5,5,5,5,1,4,3.916,4,8.023,4,5.182,4,59.963,4,3.021,4,2.669,82.774,,0.0,0.0,24.0,67.547,,9.0,0.0,17.0,0.0,0.0,5.0,5.0,5.0,5.0,5.0,5.0,5.0,5.0,5.0,7.483,5.567,11.033,13.083,4.017,10.15,13.1,8.816,17.2,114.611,,20/08/2025 14:37:40,30.769,38.095,80.0
OPAO055768NW,0,0,0.5294117647058824,4,6,FFFFFF,0,623300,2,C980FF,818181,000000,EBCFFF,0,,16,1,3,48.214,13,3,1,51.931,10,1,7,25.282,39,5,11,125.427,,2.0,6.449,2.0,9.354,3.0,7.0,2.0,8.383,2.0,13.916,3.0,3.299,4.0,9.351,57.752,,2,0,1,16.383,1,3,2,5,3,2,3,4,3,3,1,4,1,1,7.433,3,4.116,2,2.965,3,6.599,2,4.399,2,9.214,34.726,,0.0,0.0,24.0,56.681,,1.0,0.0,24.0,105.294,,1.0,1.0,5.0,1.0,5.0,5.0,5.0,5.0,1.0,6.05,5.95,7.833,8.783,11.116,6.066,8.715,6.55,4.1,89.129,,20/08/2025 14:27:26,42.308,52.381,48.571
HW9ZE26IW3BZ,0,0,0.5882352941176471,4,2,FFFFFF,2,FFFFFF,1,FFFFFF,FFFFFF,FFFFFF,FFFFFF,5,,17,4,2,90.345,10,1,4,0.0,0,0,17,0.0,27,5,23,90.345,11.0,2.0,11.733,2.0,14.949,3.0,10.749,1.0,17.383,2.0,7.933,4.0,5.617,2.0,5.315,73.679,,1,1,3,18.383,1,1,2,1,5,1,3,1,2,2,1,3,1,0,17.034,1,5.483,1,3.151,0,1.233,1,3.899,0,5.849,36.649,,0.0,0.0,24.0,89.346,,13.0,0.0,24.0,210.574,,1.0,1.0,1.0,1.0,1.0,1.0,1.0,5.0,1.0,5.117,4.367,6.666,6.184,11.483,9.1,6.565,10.383,6.634,95.746,,20/08/2025 14:26:02,50.0,85.714,51.429
SD2EKAZENYKZ,0,0,0.5294117647058824,4,6,FFFFFF,10,FFFFFF,2,FFFFFF,FFFFFF,FFFFFF,FFFFFF,0,,3,0,16,12.417,3,0,11,6.416,3,0,14,6.35,9,0,41,25.183,,4.0,5.553,4.0,18.917,2.0,3.917,2.0,10.205,3.0,3.927,1.0,3.784,4.0,4.204,50.507,,2,1,2,15.949,1,2,2,5,3,5,5,4,4,5,3,3,1,3,6.064,3,3.765,3,1.817,4,2.667,3,2.65,3,3.033,19.996,,1.0,0.0,24.0,63.247,,1.0,0.0,24.0,79.38,,5.0,5.0,5.0,5.0,5.0,5.0,1.0,5.0,5.0,6.482,5.033,7.417,8.249,6.366,10.967,6.016,6.483,3.817,84.48,,20/08/2025 14:20:12,19.231,14.286,68.571
9JO4PNNH1QHX,0,0,0.5882352941176471,4,3,FFFFFF,1,0E0E0E,2,FFFFFF,FFFFFF,FFFFFF,A70909,5,,5,6,14,32.016,6,6,8,40.082,4,1,13,42.048,15,13,35,114.146,,4.0,5.546,1.0,5.388,2.0,12.34,3.0,7.381,4.0,7.762,4.0,11.444,3.0,5.261,55.122,,2,2,2,18.433,1,3,2,4,3,4,3,4,4,2,3,1,3,3,7.298,4,6.392,2,8.596,4,4.114,3,8.095,3,4.799,39.294,,0.0,0.0,24.0,73.38,,1.0,0.0,24.0,151.228,,5.0,5.0,1.0,5.0,1.0,5.0,1.0,5.0,5.0,6.082,4.299,8.165,5.601,7.4,4.784,5.583,8.083,5.149,79.663,,20/08/2025 14:10:11,42.308,38.095,51.429
A68XT3X9C9IW,0,0,0.5882352941176471,4,7,FFFFFF,1,FFFFFF,2,FFFFFF,FFFFFF,FFFFFF,FFFFFF,5,,3,0,16,9.45,3,0,11,7.649,3,0,14,7.116,9,0,41,24.215,,2.0,2.614,1.0,8.605,2.0,15.803,2.0,12.805,3.0,18.728,4.0,14.379,3.0,23.025,95.959,,3,1,1,15.501,2,1,3,1,2,2,2,1,1,1,2,1,4,1,7.695,1,5.499,0,6.798,0,3.298,1,8.094,1,4.098,35.482,,0.0,0.0,24.0,61.614,,1.0,0.0,24.0,97.146,,5.0,1.0,1.0,1.0,1.0,1.0,1.0,1.0,1.0,6.216,8.383,5.884,5.183,12.416,11.083,13.582,7.701,25.049,128.96,,20/08/2025 14:08:52,76.923,80.952,51.429
OS6N795INN3S,0,0,0.5294117647058824,4,3,FFFFFF,9,7E520A,0,FFFFFF,FFFFFF,D19AE4,9200C7,5,,18,33,1,76.829,14,38,0,67.964,3,4,14,0.0,35,75,15,144.793,1.0,3.0,3.731,3.0,18.949,4.0,7.967,3.0,13.783,4.0,7.083,4.0,9.849,3.0,10.718,72.08,,2,2,3,31.316,2,3,2,5,5,5,5,5,5,5,5,5,5,3,6.65,3,11.949,2,10.916,3,10.066,3,9.05,2,8.083,56.714,,1.0,0.0,24.0,70.197,,0.0,0.0,24.0,92.312,,5.0,5.0,5.0,5.0,5.0,5.0,5.0,1.0,5.0,5.767,3.583,8.2,7.132,11.149,4.484,10.9,25.782,4.75,105.729,,20/08/2025 13:55:01,3.846,0.0,62.857
BX6HS9LBL3C1,0,0,0.5294117647058824,4,2,FFFFFF,5,FFFFFF,1,FFFFFF,FFFFFF,FFFFFF,FFFFFF,0,,15,14,4,73.013,6,1,8,36.832,1,0,16,8.366,22,15,28,118.211,,3.0,0.784,2.0,1.429,4.0,1.864,4.0,23.385,4.0,2.434,4.0,9.597,3.0,8.049,47.542,,2,1,1,19.15,1,1,2,3,3,4,3,3,4,5,2,3,1,1,13.998,2,3.399,2,3.499,1,6.095,3,4.097,4,4.299,35.387,,0.0,0.0,24.0,59.663,,1.0,0.0,24.0,164.459,,1.0,5.0,5.0,1.0,5.0,5.0,1.0,5.0,1.0,8.233,9.499,10.583,4.783,5.05,8.433,9.532,7.833,6.567,92.313,,20/08/2025 13:17:17,73.077,66.667,42.857
A0T4VMF01DMD,0,0,0.5882352941176471,4,2,D7A166,2,2F200F,2,A673C4,13162B,526B7A,19252D,2,,12,2,7,55.847,12,0,2,42.531,14,0,3,40.565,38,2,12,138.943,,2.0,10.318,1.0,7.396,1.0,19.653,2.0,18.942,1.0,46.184,1.0,7.466,2.0,53.644,163.603,,1,1,1,38.798,1,2,2,1,2,2,1,1,2,1,2,1,3,0,8.349,4,18.049,1,12.432,0,5.883,0,6.515,1,6.949,58.177,,3.0,0.0,24.0,49.281,,2.0,0.0,24.0,122.794,,1.0,1.0,5.0,1.0,1.0,1.0,1.0,1.0,1.0,9.683,9.983,13.35,6.8,12.032,10.899,10.867,13.832,9.599,121.061,,20/08/2025 13:13:19,88.462,100.0,65.714
68FLE9OFSN7S,0,0,0.5882352941176471,4,2,FFFFFF,2,FFFFFF,2,FFFFFF,FFFFFF,FFFFFF,FFFFFF,5,,13,10,6,0.0,0,0,14,0.0,0,0,17,0.0,13,10,37,0.0,11.0,2.0,6.611,1.0,6.665,2.0,18.517,1.0,8.549,1.0,18.601,1.0,16.682,1.0,13.586,89.211,,2,1,2,70.064,1,1,3,1,3,1,2,1,3,1,2,3,3,2,45.288,3,27.392,1,13.798,1,26.693,1,11.798,2,8.496,133.465,,1.0,0.0,24.0,87.363,,0.0,0.0,24.0,124.311,,1.0,5.0,1.0,5.0,5.0,1.0,1.0,5.0,1.0,10.416,8.35,12.766,8.383,9.949,8.034,10.8,6.083,17.132,121.643,,20/08/2025 11:48:15,34.615,85.714,54.286
T1JV5X4B0W22,0,0,0.5882352941176471,4,2,FFFFFF,6,FFFFFF,1,FFFFFF,FFFFFF,FFFFFF,FFFFFF,1,,4,2,13,33.182,2,1,11,11.966,0,6,11,29.515,6,9,44,74.663,,3.0,1.694,2.0,5.303,3.0,21.919,4.0,11.361,2.0,5.338,4.0,10.709,3.0,6.319,62.643,,2,1,2,33.516,2,3,2,4,2,1,5,1,4,1,1,1,3,3,11.632,2,5.966,2,9.215,2,6.215,2,5.183,2,3.583,41.794,,0.0,0.0,24.0,78.347,,4.0,0.0,2.0,0.0,1.0,1.0,1.0,1.0,5.0,5.0,5.0,5.0,5.0,1.0,7.0,8.75,9.484,7.117,9.15,14.834,10.982,7.233,19.232,119.644,,20/08/2025 11:34:24,23.077,52.381,74.286
TG6B5LFKOJVN,0,0,0.5882352941176471,4,3,FFFFFF,6,FFFFFF,2,FFFFFF,FFFFFF,FFFFFF,FFFFFF,7,,19,34,0,64.263,14,39,0,32.566,17,36,0,42.547,50,109,0,139.376,,3.0,12.283,2.0,13.717,2.0,10.099,2.0,7.084,2.0,9.416,1.0,10.466,4.0,13.282,76.347,,2,1,1,21.199,1,2,2,3,3,2,2,3,3,3,3,1,2,2,7.399,2,5.098,1,6.098,2,3.099,1,3.699,1,8.097,33.49,,0.0,0.0,24.0,33.915,,3.0,0.0,24.0,138.094,,5.0,1.0,1.0,1.0,1.0,1.0,1.0,5.0,1.0,5.45,5.0,16.399,5.917,9.416,6.816,6.534,9.733,6.034,93.112,,20/08/2025 11:26:20,42.308,71.429,54.286
DFM3N23RGKQ3,0,0,0.8235294117647058,4,3,FFFFFF,7,FFFFFF,2,FFFFFF,FFFFFF,FFFFFF,FFFFFF,5,,15,5,4,73.714,13,2,1,0.0,0,0,17,0.0,28,7,22,73.714,0.0,,,,,,,,,,,,,,,0.0,,1,1,2,27.316,2,3,2,4,5,3,4,2,4,5,5,4,3,2,9.041,4,4.011,2,7.613,4,4.497,3,7.48,3,6.112,38.754,,0.0,0.0,24.0,71.896,,0.0,0.0,24.0,117.161,,1.0,5.0,5.0,5.0,5.0,5.0,5.0,5.0,5.0,11.249,11.55,7.015,3.967,7.084,9.133,11.233,6.282,6.133,99.279,,20/08/2025 11:06:01,15.385,4.762,74.286
VT6KI6ZCA1SE,0,0,0.4117647058823529,4,2,FFDDA4,5,FFFFFF,2,FFFFFF,FFFFFF,FFFFFF,FFFFFF,0,,13,2,6,61.1,9,0,5,61.197,10,1,7,0.0,32,3,18,122.297,0.0,2.0,13.54,1.0,7.729,2.0,6.044,2.0,35.039,1.0,6.212,4.0,37.418,3.0,8.343,114.325,,2,1,1,22.716,2,2,2,3,4,3,2,3,5,4,3,5,3,2,16.665,4,3.984,2,8.58,4,6.617,2,13.066,4,23.038,71.95,,1.0,0.0,24.0,50.548,,0.0,0.0,24.0,91.112,,1.0,5.0,5.0,5.0,1.0,5.0,1.0,5.0,1.0,11.499,5.2,5.351,6.584,15.299,18.749,7.35,5.534,36.799,136.344,,20/08/2025 11:05:12,19.231,14.286,48.571
A62Z897XA5PQ,0,0,0.4117647058823529,4,2,FFFFFF,2,FFFFFF,1,FFFFFF,FFFFFF,FFFFFF,FFFFFF,2,,3,0,16,10.216,2,1,11,5.516,3,0,14,8.367,8,1,42,24.099,,,,,,,,,,,,,,,,0.0,,2,1,1,13.217,1,2,2,4,5,3,2,3,4,3,3,4,3,2,0.5,2,0.0,1,1.397,2,0.0,2,0.0,2,1.699,3.596,,6.0,0.0,24.0,80.245,,4.0,0.0,24.0,116.611,,5.0,5.0,5.0,5.0,5.0,1.0,1.0,5.0,5.0,4.717,5.415,6.084,3.416,8.533,5.733,6.248,6.333,4.314,71.724,,20/08/2025 10:38:44,19.231,23.81,94.286
3C9T0205RJ7I,0,0,0.47058823529411764,4,3,FFFFFF,7,FFFFFF,2,FFFFFF,FFFFFF,FFFFFF,FFFFFF,7,,3,2,14,26.432,3,0,11,8.417,3,0,14,7.683,9,2,41,42.532,,3.0,3.443,1.0,3.714,2.0,14.347,2.0,7.397,1.0,3.547,2.0,1.834,4.0,4.002,38.284,,0,0,1,29.899,1,3,3,1,2,1,2,1,3,2,2,1,5,0,4.832,2,7.599,1,2.982,0,1.1,1,3.116,1,2.933,22.562,,0.0,0.0,24.0,53.497,,3.0,0.0,24.0,214.873,,5.0,5.0,1.0,1.0,1.0,1.0,5.0,5.0,1.0,4.849,12.333,5.116,4.217,4.249,6.549,4.517,19.1,3.849,88.446,,20/08/2025 10:25:43,38.462,85.714,37.143
