F0101,F0102,F0103,F0104,F0201,Cor0202,F0203,Cor0204,F0205,Cor0206,F0207,Cor0208,Cor0209Outro,L0210_no_likert,Q0401,Q0402,Q0403,T0404,Q0405,Q0406,Q0407,T0408,Q0409,Q0410,Q0411,T0412,Q0413,Q0414,Q0415,T0498,P01,T01,P02,T02,P03,T03,P05,T05,P09,T09,P12,T12,P15,T15,PTempoTotal,QtdComida,QtdPessoas,QtdSom,GameTempoTotal,QtdDormir,QtdHorasDormi,QtdHorasSono,Acordar,F0705,F0706,F0707,F0708,F0709,F0710,F0711,F0712,F0713,F1101,F1102,F1103,F1104,F1105,Tempo1106,F1107,Tempo1108,F1109,Tempo1110,F1111,Tempo1112,TempoTotal11,Q1201,Q1202,Q1203,T1204,Q1206,Q1207,Q1208,Q1209,P04,P08,P10,P12.1,P02.1,P03.1,P07,P09.1,P13,T04,T08,T10,T12.1,T02.1,T03.1,T07,T09.1,T13,TempoTotal,Target1,Target2,Target3,cluster,Target1_Previsto,Target2_Previsto,Target3_Previsto,L0210 (n√£o likert),Cor0202_3E3200,Cor0202_552D2D,Cor0202_5E3131,Cor0202_746F7F,Cor0202_947907,Cor0202_A4744E,Cor0202_B66B39,Cor0202_BE845A,Cor0202_BEB0B0,Cor0202_C09360,Cor0202_CB869F,Cor0202_CDBC25,Cor0202_D18831,Cor0202_D1AA85,Cor0202_D7A166,Cor0202_D8995B,Cor0202_DEC29E,Cor0202_E5D29D,Cor0202_E8D393,Cor0202_EBA663,Cor0202_EBEBEB,Cor0202_EED284,Cor0202_EEDF7E,Cor0202_F0CF85,Cor0202_F0F0AB,Cor0202_F2C4A6,Cor0202_F3D080,Cor0202_F5DD94,Cor0202_F6D175,Cor0202_FACA7D,Cor0202_FDEAED,Cor0202_FDEFA7,Cor0202_FFC394,Cor0202_FFC6A1,Cor0202_FFDD94,Cor0202_FFDD9A,Cor0202_FFDDA4,Cor0202_FFE2BE,Cor0202_FFE4A1,Cor0202_FFE4B5,Cor0202_FFE894,Cor0202_FFE8A1,Cor0202_FFFFFF,Cor0204_000000,Cor0204_0036FF,Cor0204_020000,Cor0204_0806F5,Cor0204_0E0E0E,Cor0204_0F0D0D,Cor0204_151512,Cor0204_191111,Cor0204_1C0808,Cor0204_1C160F,Cor0204_1D1706,Cor0204_230000,Cor0204_292929,Cor0204_2F200F,Cor0204_3C1301,Cor0204_4F4545,Cor0204_575757,Cor0204_5B2600,Cor0204_5B3E00,Cor0204_5B5B5B,Cor0204_5C4430,Cor0204_614121,Cor0204_623300,Cor0204_645C86,Cor0204_704B26,Cor0204_7E520A,Cor0204_7E6832,Cor0204_7F0D0D,Cor0204_7F6021,Cor0204_940000,Cor0204_9DA900,Cor0204_BE7237,Cor0204_CFFFE2,Cor0204_D52121,Cor0204_DD6EDC,Cor0204_E3A200,Cor0204_F0D45F,Cor0204_F5DC47,Cor0204_FFFFFF,Cor0206_0044FF,Cor0206_046198,Cor0206_319EB9,Cor0206_34311E,Cor0206_41641F,Cor0206_5F7568,Cor0206_66E5D5,Cor0206_695AA3,Cor0206_7E63EB,Cor0206_8F8678,Cor0206_A01810,Cor0206_A673C4,Cor0206_A80003,Cor0206_AEAEAE,Cor0206_C980FF,Cor0206_CB2027,Cor0206_CD0000,Cor0206_EDA04A,Cor0206_FF0000,Cor0206_FF0808,Cor0206_FFFFFF,F0207_000000,F0207_0023FF,F0207_020304,F0207_0E0E11,F0207_13162B,F0207_18E6BE,F0207_393737,F0207_413E2E,F0207_441D12,F0207_464D51,F0207_4A0000,F0207_4B4054,F0207_4C4C4C,F0207_4FCBFA,F0207_643400,F0207_653000,F0207_6C431B,F0207_776700,F0207_7F8789,F0207_810000,F0207_818181,F0207_880E0E,F0207_8C999C,F0207_907300,F0207_A7A7A7,F0207_B59A51,F0207_C39533,F0207_D17410,F0207_EBA3EE,F0207_FFFFFF,Cor0208_000000,Cor0208_074588,Cor0208_0E1112,Cor0208_126346,Cor0208_130E5B,Cor0208_1C312D,Cor0208_1F1F11,Cor0208_2010D1,Cor0208_210F0E,Cor0208_2200E5,Cor0208_242424,Cor0208_252525,Cor0208_262626,Cor0208_3154D1,Cor0208_36CEB5,Cor0208_3B3B3B,Cor0208_3C3C3C,Cor0208_4175F6,Cor0208_44423D,Cor0208_467174,Cor0208_479E93,Cor0208_526B7A,Cor0208_64451F,Cor0208_6A6A6A,Cor0208_7F7F7F,Cor0208_831BAC,Cor0208_B1EAF8,Cor0208_B513F6,Cor0208_C94040,Cor0208_CB5DD0,Cor0208_D19AE4,Cor0208_D9D9D9,Cor0208_EEECE9,Cor0208_F61313,Cor0208_FEF800,Cor0208_FFFFFF,Cor0209Outro_000000,Cor0209Outro_00FFF2,Cor0209Outro_010100,Cor0209Outro_070303,Cor0209Outro_07202F,Cor0209Outro_0C0B0A,Cor0209Outro_0FC1B4,Cor0209Outro_19252D,Cor0209Outro_2000FF,Cor0209Outro_212121,Cor0209Outro_2F2F2F,Cor0209Outro_3648CE,Cor0209Outro_474747,Cor0209Outro_4A4B4C,Cor0209Outro_5678CD,Cor0209Outro_616161,Cor0209Outro_63EB8F,Cor0209Outro_6E5B9C,Cor0209Outro_746646,Cor0209Outro_9200C7,Cor0209Outro_937600,Cor0209Outro_A70909,Cor0209Outro_AB4848,Cor0209Outro_B500FF,Cor0209Outro_C9C1B5,Cor0209Outro_D131CD,Cor0209Outro_D820F6,Cor0209Outro_DD0000,Cor0209Outro_E1E812,Cor0209Outro_E719F0,Cor0209Outro_EBCFFF,Cor0209Outro_ED2B50,Cor0209Outro_ED32D5,Cor0209Outro_F00CE9,Cor0209Outro_F092EF,Cor0209Outro_F2F2F2,Cor0209Outro_FEA700,Cor0209Outro_FEFEFE,Cor0209Outro_FF0000,Cor0209Outro_FFFFFF
0,0,0.58823529411765,4,7,FFFFFF,1,FFFFFF,2,FFFFFF,FFFFFF,FFFFFF,FFFFFF,5,3.0,0.0,-66.0,9.45,3.0,0.0,-49.0,7.649,3.0,0.0,-40.0,7.116,9,0,-155,24.215,2.0,2.614,1.0,8.605,2,15.803,2.0,12.805,3.0,18.728,4,14.379,3.0,23.025,95.959,3.0,1.0,1.0,15.501,2,1,3,1,2,2,2,1,1,1,2,1,4,1.0,7.695,1.0,5.499,0.0,6.798,0.0,3.298,1.0,8.094,1.0,4.098,35.482,0.0,0.0,24.0,61.614,1.0,0.0,24.0,97.146,5.0,1.0,1.0,1.0,1.0,1.0,1.0,1.0,1.0,6.216,8.383,5.884,5.183,12.416,11.083,13.582,7.701,25.049,128.96,76.923,80.952,51.429,0,56.01229000000006,77.53573,32.96463750000001,5,0.0,0.0,0.0,0.0,0.0,0.0,0.0,0.0,0.0,0.0,0.0,0.0,0.0,0.0,0.0,0.0,0.0,0.0,0.0,0.0,0.0,0.0,0.0,0.0,0.0,0.0,0.0,0.0,0.0,0.0,0.0,0.0,0.0,0.0,0.0,0.0,0.0,0.0,0.0,0.0,0.0,0.0,1.0,0.0,0.0,0.0,0.0,0.0,0.0,0.0,0.0,0.0,0.0,0.0,0.0,0.0,0.0,0.0,0.0,0.0,0.0,0.0,0.0,0.0,0.0,0.0,0.0,0.0,0.0,0.0,0.0,0.0,0.0,0.0,0.0,0.0,0.0,0.0,0.0,0.0,0.0,1.0,0.0,0.0,0.0,0.0,0.0,0.0,0.0,0.0,0.0,0.0,0.0,0.0,0.0,0.0,0.0,0.0,0.0,0.0,0.0,0.0,1.0,0.0,0.0,0.0,0.0,0.0,0.0,0.0,0.0,0.0,0.0,0.0,0.0,0.0,0.0,0.0,0.0,0.0,0.0,0.0,0.0,0.0,0.0,0.0,0.0,0.0,0.0,0.0,0.0,0.0,1.0,0.0,0.0,0.0,0.0,0.0,0.0,0.0,0.0,0.0,0.0,0.0,0.0,0.0,0.0,0.0,0.0,0.0,0.0,0.0,0.0,0.0,0.0,0.0,0.0,0.0,0.0,0.0,0.0,0.0,0.0,0.0,0.0,0.0,0.0,0.0,1.0,0.0,0.0,0.0,0.0,0.0,0.0,0.0,0.0,0.0,0.0,0.0,0.0,0.0,0.0,0.0,0.0,0.0,0.0,0.0,0.0,0.0,0.0,0.0,0.0,0.0,0.0,0.0,0.0,0.0,0.0,0.0,0.0,0.0,0.0,0.0,0.0,0.0,0.0,0.0,1.0
3,3,0.41176470588235,0,3,FFFFFF,5,FFFFFF,1,FFFFFF,FFFFFF,FFFFFF,FFFFFF,5,0.0,0.0,19.0,15.699,0.0,1.0,14.0,18.232,0.0,2.0,17.0,6.683,0,3,50,40.614,4.0,29.466,3.0,54.78,3,12.233,4.0,66.297,3.0,32.215,4,23.199,3.0,19.565,237.755,2.0,1.0,1.0,50.498,2,3,2,5,5,5,5,5,5,5,5,5,1,4.0,8.949,4.0,3.182,4.0,0.867,3.0,9.166,4.0,2.167,4.0,1.933,26.264,5.0,0.0,24.0,150.108,21.0,0.0,0.0,300.0,,,,,,,,,,,,,,,,,,,,0.0,28.6,95.2,0,19.067952500000047,32.45232250000005,81.76559749999996,5,0.0,0.0,0.0,0.0,0.0,0.0,0.0,0.0,0.0,0.0,0.0,0.0,0.0,0.0,0.0,0.0,0.0,0.0,0.0,0.0,0.0,0.0,0.0,0.0,0.0,0.0,0.0,0.0,0.0,0.0,0.0,0.0,0.0,0.0,0.0,0.0,0.0,0.0,0.0,0.0,0.0,0.0,1.0,0.0,0.0,0.0,0.0,0.0,0.0,0.0,0.0,0.0,0.0,0.0,0.0,0.0,0.0,0.0,0.0,0.0,0.0,0.0,0.0,0.0,0.0,0.0,0.0,0.0,0.0,0.0,0.0,0.0,0.0,0.0,0.0,0.0,0.0,0.0,0.0,0.0,0.0,1.0,0.0,0.0,0.0,0.0,0.0,0.0,0.0,0.0,0.0,0.0,0.0,0.0,0.0,0.0,0.0,0.0,0.0,0.0,0.0,0.0,1.0,0.0,0.0,0.0,0.0,0.0,0.0,0.0,0.0,0.0,0.0,0.0,0.0,0.0,0.0,0.0,0.0,0.0,0.0,0.0,0.0,0.0,0.0,0.0,0.0,0.0,0.0,0.0,0.0,0.0,1.0,0.0,0.0,0.0,0.0,0.0,0.0,0.0,0.0,0.0,0.0,0.0,0.0,0.0,0.0,0.0,0.0,0.0,0.0,0.0,0.0,0.0,0.0,0.0,0.0,0.0,0.0,0.0,0.0,0.0,0.0,0.0,0.0,0.0,0.0,0.0,1.0,0.0,0.0,0.0,0.0,0.0,0.0,0.0,0.0,0.0,0.0,0.0,0.0,0.0,0.0,0.0,0.0,0.0,0.0,0.0,0.0,0.0,0.0,0.0,0.0,0.0,0.0,0.0,0.0,0.0,0.0,0.0,0.0,0.0,0.0,0.0,0.0,0.0,0.0,0.0,1.0
1,1,0.29411764705882,1,2,D3AC5E,3,88724B,1,FFFFFF,455DA3,4158CE,414ACE,0,3.0,0.0,16.0,14.899,0.0,3.0,14.0,13.366,3.0,0.0,14.0,10.883,6,3,44,39.148,2.0,7.233,3.0,9.833,2,7.616,2.0,28.849,3.0,8.133,4,10.999,1.0,9.733,82.396,2.0,1.0,1.0,29.832,1,4,2,3,4,2,3,3,5,3,4,4,2,2.0,7.065,2.0,3.864,2.0,5.33,4.0,22.113,2.0,5.277,2.0,9.58,53.229,1.0,0.0,24.0,83.563,19.0,0.0,1.0,300.0,1.0,5.0,5.0,1.0,1.0,1.0,1.0,5.0,5.0,5.783,9.417,5.883,6.45,7.5,8.816,6.733,11.366,4.833,95.978,19.231,71.429,48.571,0,32.07742250000003,44.77372749999999,58.7938475,0,0.0,0.0,0.0,0.0,0.0,0.0,0.0,0.0,0.0,0.0,0.0,0.0,0.0,0.0,0.0,0.0,0.0,0.0,0.0,0.0,0.0,0.0,0.0,0.0,0.0,0.0,0.0,0.0,0.0,0.0,0.0,0.0,0.0,0.0,0.0,0.0,0.0,0.0,0.0,0.0,0.0,0.0,0.0,0.0,0.0,0.0,0.0,0.0,0.0,0.0,0.0,0.0,0.0,0.0,0.0,0.0,0.0,0.0,0.0,0.0,0.0,0.0,0.0,0.0,0.0,0.0,0.0,0.0,0.0,0.0,0.0,0.0,0.0,0.0,0.0,0.0,0.0,0.0,0.0,0.0,0.0,0.0,0.0,0.0,0.0,0.0,0.0,0.0,0.0,0.0,0.0,0.0,0.0,0.0,0.0,0.0,0.0,0.0,0.0,0.0,0.0,0.0,1.0,0.0,0.0,0.0,0.0,0.0,0.0,0.0,0.0,0.0,0.0,0.0,0.0,0.0,0.0,0.0,0.0,0.0,0.0,0.0,0.0,0.0,0.0,0.0,0.0,0.0,0.0,0.0,0.0,0.0,0.0,0.0,0.0,0.0,0.0,0.0,0.0,0.0,0.0,0.0,0.0,0.0,0.0,0.0,0.0,0.0,0.0,0.0,0.0,0.0,0.0,0.0,0.0,0.0,0.0,0.0,0.0,0.0,0.0,0.0,0.0,0.0,0.0,0.0,0.0,0.0,0.0,0.0,0.0,0.0,0.0,0.0,0.0,0.0,0.0,0.0,0.0,0.0,0.0,0.0,0.0,0.0,0.0,0.0,0.0,0.0,0.0,0.0,0.0,0.0,0.0,0.0,0.0,0.0,0.0,0.0,0.0,0.0,0.0,0.0,0.0,0.0,0.0,0.0,0.0,0.0,0.0
1,0,0.35294117647059,2,1,FFFFFF,2,FFFFFF,2,FFFFFF,FFFFFF,FFFFFF,FFFFFF,2,8.0,1.0,11.0,47.68,9.0,0.0,5.0,32.915,7.0,0.0,10.0,27.099,24,1,26,107.694,4.0,2.932,4.0,5.049,4,6.267,3.0,17.733,3.0,8.1,3,11.166,3.0,12.166,63.413,2.0,1.0,1.0,17.383,2,3,2,3,4,2,5,4,3,4,4,5,2,4.0,4.831,3.0,3.266,2.0,4.05,2.0,6.164,3.0,7.963,2.0,1.382,27.656,0.0,0.0,24.0,61.447,6.0,0.0,24.0,144.66,5.0,5.0,5.0,5.0,5.0,5.0,5.0,5.0,5.0,6.283,4.167,4.2,5.8,6.683,6.617,6.282,8.682,7.183,85.33,15.385,19.048,51.429,0,25.09998999999998,45.606704999999984,64.853385,2,0.0,0.0,0.0,0.0,0.0,0.0,0.0,0.0,0.0,0.0,0.0,0.0,0.0,0.0,0.0,0.0,0.0,0.0,0.0,0.0,0.0,0.0,0.0,0.0,0.0,0.0,0.0,0.0,0.0,0.0,0.0,0.0,0.0,0.0,0.0,0.0,0.0,0.0,0.0,0.0,0.0,0.0,1.0,0.0,0.0,0.0,0.0,0.0,0.0,0.0,0.0,0.0,0.0,0.0,0.0,0.0,0.0,0.0,0.0,0.0,0.0,0.0,0.0,0.0,0.0,0.0,0.0,0.0,0.0,0.0,0.0,0.0,0.0,0.0,0.0,0.0,0.0,0.0,0.0,0.0,0.0,1.0,0.0,0.0,0.0,0.0,0.0,0.0,0.0,0.0,0.0,0.0,0.0,0.0,0.0,0.0,0.0,0.0,0.0,0.0,0.0,0.0,1.0,0.0,0.0,0.0,0.0,0.0,0.0,0.0,0.0,0.0,0.0,0.0,0.0,0.0,0.0,0.0,0.0,0.0,0.0,0.0,0.0,0.0,0.0,0.0,0.0,0.0,0.0,0.0,0.0,0.0,1.0,0.0,0.0,0.0,0.0,0.0,0.0,0.0,0.0,0.0,0.0,0.0,0.0,0.0,0.0,0.0,0.0,0.0,0.0,0.0,0.0,0.0,0.0,0.0,0.0,0.0,0.0,0.0,0.0,0.0,0.0,0.0,0.0,0.0,0.0,0.0,1.0,0.0,0.0,0.0,0.0,0.0,0.0,0.0,0.0,0.0,0.0,0.0,0.0,0.0,0.0,0.0,0.0,0.0,0.0,0.0,0.0,0.0,0.0,0.0,0.0,0.0,0.0,0.0,0.0,0.0,0.0,0.0,0.0,0.0,0.0,0.0,0.0,0.0,0.0,0.0,1.0
3,0,0.47058823529412,2,5,FBDD92,8,D1B22C,1,FFFFFF,FFFFFF,FFFFFF,FFFFFF,5,14.0,1.0,5.0,104.245,7.0,4.0,7.0,0.0,0.0,0.0,17.0,0.0,21,5,29,104.245,4.0,16.449,3.0,34.865,1,12.466,4.0,21.633,4.0,12.199,4,16.649,4.0,12.883,127.144,3.0,1.0,2.0,30.013,1,3,2,5,5,5,5,5,1,5,5,5,1,4.0,13.6,4.0,15.9,4.0,8.2,1.0,22.6,4.0,14.4,1.0,14.2,88.9,0.0,0.0,24.0,73.68,1.0,0.0,24.0,144.627,5.0,5.0,1.0,5.0,5.0,5.0,5.0,5.0,5.0,3.93,5.468,12.25,4.482,3.498,6.401,6.783,5.265,6.065,77.163,38.462,23.81,91.429,0,31.05627499999991,56.380487499999965,84.44290749999999,5,0.0,0.0,0.0,0.0,0.0,0.0,0.0,0.0,0.0,0.0,0.0,0.0,0.0,0.0,0.0,0.0,0.0,0.0,0.0,0.0,0.0,0.0,0.0,0.0,0.0,0.0,0.0,0.0,0.0,0.0,0.0,0.0,0.0,0.0,0.0,0.0,0.0,0.0,0.0,0.0,0.0,0.0,0.0,0.0,0.0,0.0,0.0,0.0,0.0,0.0,0.0,0.0,0.0,0.0,0.0,0.0,0.0,0.0,0.0,0.0,0.0,0.0,0.0,0.0,0.0,0.0,0.0,0.0,0.0,0.0,0.0,0.0,0.0,0.0,0.0,0.0,0.0,0.0,0.0,0.0,0.0,0.0,0.0,0.0,0.0,0.0,0.0,0.0,0.0,0.0,0.0,0.0,0.0,0.0,0.0,0.0,0.0,0.0,0.0,0.0,0.0,0.0,1.0,0.0,0.0,0.0,0.0,0.0,0.0,0.0,0.0,0.0,0.0,0.0,0.0,0.0,0.0,0.0,0.0,0.0,0.0,0.0,0.0,0.0,0.0,0.0,0.0,0.0,0.0,0.0,0.0,0.0,1.0,0.0,0.0,0.0,0.0,0.0,0.0,0.0,0.0,0.0,0.0,0.0,0.0,0.0,0.0,0.0,0.0,0.0,0.0,0.0,0.0,0.0,0.0,0.0,0.0,0.0,0.0,0.0,0.0,0.0,0.0,0.0,0.0,0.0,0.0,0.0,1.0,0.0,0.0,0.0,0.0,0.0,0.0,0.0,0.0,0.0,0.0,0.0,0.0,0.0,0.0,0.0,0.0,0.0,0.0,0.0,0.0,0.0,0.0,0.0,0.0,0.0,0.0,0.0,0.0,0.0,0.0,0.0,0.0,0.0,0.0,0.0,0.0,0.0,0.0,0.0,1.0
3,0,0.41176470588235,4,3,F6D592,7,594C32,2,FFFFFF,FFFFFF,FFFFFF,070704,0,18.0,1.0,1.0,66.514,11.0,0.0,3.0,49.347,11.0,0.0,6.0,0.0,40,1,10,115.861,3.0,1.45,4.0,17.149,3,16.082,2.0,4.051,3.0,11.099,3,9.517,2.0,4.445,63.793,2.0,1.0,0.0,31.032,1,3,2,4,3,4,3,4,4,4,2,2,1,1.0,7.383,2.0,4.188,2.0,10.7,3.0,2.143,2.0,2.254,2.0,5.699,32.367,1.0,0.0,24.0,54.631,5.0,0.0,24.0,116.295,5.0,5.0,5.0,5.0,1.0,5.0,1.0,5.0,1.0,5.067,3.65,7.15,4.283,5.017,7.982,5.833,6.115,7.967,73.217,23.077,33.333,60.0,0,35.51562749999997,45.00005249999994,50.64411249999999,0,0.0,0.0,0.0,0.0,0.0,0.0,0.0,0.0,0.0,0.0,0.0,0.0,0.0,0.0,0.0,0.0,0.0,0.0,0.0,0.0,0.0,0.0,0.0,0.0,0.0,0.0,0.0,0.0,0.0,0.0,0.0,0.0,0.0,0.0,0.0,0.0,0.0,0.0,0.0,0.0,0.0,0.0,0.0,0.0,0.0,0.0,0.0,0.0,0.0,0.0,0.0,0.0,0.0,0.0,0.0,0.0,0.0,0.0,0.0,0.0,0.0,0.0,0.0,0.0,0.0,0.0,0.0,0.0,0.0,0.0,0.0,0.0,0.0,0.0,0.0,0.0,0.0,0.0,0.0,0.0,0.0,0.0,0.0,0.0,0.0,0.0,0.0,0.0,0.0,0.0,0.0,0.0,0.0,0.0,0.0,0.0,0.0,0.0,0.0,0.0,0.0,0.0,1.0,0.0,0.0,0.0,0.0,0.0,0.0,0.0,0.0,0.0,0.0,0.0,0.0,0.0,0.0,0.0,0.0,0.0,0.0,0.0,0.0,0.0,0.0,0.0,0.0,0.0,0.0,0.0,0.0,0.0,1.0,0.0,0.0,0.0,0.0,0.0,0.0,0.0,0.0,0.0,0.0,0.0,0.0,0.0,0.0,0.0,0.0,0.0,0.0,0.0,0.0,0.0,0.0,0.0,0.0,0.0,0.0,0.0,0.0,0.0,0.0,0.0,0.0,0.0,0.0,0.0,1.0,0.0,0.0,0.0,0.0,0.0,0.0,0.0,0.0,0.0,0.0,0.0,0.0,0.0,0.0,0.0,0.0,0.0,0.0,0.0,0.0,0.0,0.0,0.0,0.0,0.0,0.0,0.0,0.0,0.0,0.0,0.0,0.0,0.0,0.0,0.0,0.0,0.0,0.0,0.0,0.0
3,1,0.29411764705882,3,4,FFFFFF,10,FFFFFF,2,FFFFFF,FFFFFF,FFFFFF,FFFFFF,5,3.0,0.0,16.0,15.466,3.0,0.0,11.0,9.367,3.0,0.0,14.0,12.282,9,0,41,37.115,4.0,18.633,4.0,22.066,4,9.05,4.0,8.999,3.0,22.083,4,1.533,4.0,7.349,89.713,2.0,1.0,3.0,36.58,2,3,2,5,5,5,5,5,5,5,5,5,1,3.0,7.1,4.0,6.032,2.0,6.5,4.0,5.6,3.0,7.0,3.0,9.0,41.232,0.0,0.0,24.0,62.481,8.0,0.0,24.0,187.591,5.0,5.0,5.0,5.0,5.0,5.0,5.0,5.0,5.0,4.4,3.183,8.366,5.432,4.184,5.016,6.384,6.482,5.833,76.514,11.538,9.524,85.714,0,12.37487249999997,31.15484249999999,67.88582750000002,5,0.0,0.0,0.0,0.0,0.0,0.0,0.0,0.0,0.0,0.0,0.0,0.0,0.0,0.0,0.0,0.0,0.0,0.0,0.0,0.0,0.0,0.0,0.0,0.0,0.0,0.0,0.0,0.0,0.0,0.0,0.0,0.0,0.0,0.0,0.0,0.0,0.0,0.0,0.0,0.0,0.0,0.0,1.0,0.0,0.0,0.0,0.0,0.0,0.0,0.0,0.0,0.0,0.0,0.0,0.0,0.0,0.0,0.0,0.0,0.0,0.0,0.0,0.0,0.0,0.0,0.0,0.0,0.0,0.0,0.0,0.0,0.0,0.0,0.0,0.0,0.0,0.0,0.0,0.0,0.0,0.0,1.0,0.0,0.0,0.0,0.0,0.0,0.0,0.0,0.0,0.0,0.0,0.0,0.0,0.0,0.0,0.0,0.0,0.0,0.0,0.0,0.0,1.0,0.0,0.0,0.0,0.0,0.0,0.0,0.0,0.0,0.0,0.0,0.0,0.0,0.0,0.0,0.0,0.0,0.0,0.0,0.0,0.0,0.0,0.0,0.0,0.0,0.0,0.0,0.0,0.0,0.0,1.0,0.0,0.0,0.0,0.0,0.0,0.0,0.0,0.0,0.0,0.0,0.0,0.0,0.0,0.0,0.0,0.0,0.0,0.0,0.0,0.0,0.0,0.0,0.0,0.0,0.0,0.0,0.0,0.0,0.0,0.0,0.0,0.0,0.0,0.0,0.0,1.0,0.0,0.0,0.0,0.0,0.0,0.0,0.0,0.0,0.0,0.0,0.0,0.0,0.0,0.0,0.0,0.0,0.0,0.0,0.0,0.0,0.0,0.0,0.0,0.0,0.0,0.0,0.0,0.0,0.0,0.0,0.0,0.0,0.0,0.0,0.0,0.0,0.0,0.0,0.0,1.0
3,0,0.41176470588235,2,2,B08A66,5,34141E,2,A00031,1F2449,8B1620,3E3B3B,0,4.0,3.0,15.0,49.281,2.0,1.0,12.0,15.116,0.0,0.0,17.0,4.233,6,4,44,68.63,2.0,8.183,1.0,31.081,4,30.032,1.0,24.282,1.0,10.266,2,21.333,3.0,30.782,155.959,2.0,1.0,2.0,28.232,1,3,2,3,3,2,4,4,3,2,4,2,1,1.0,21.542,4.0,8.016,2.0,4.148,0.0,17.775,2.0,9.064,3.0,9.163,69.708,1.0,0.0,24.0,97.013,4.0,0.0,24.0,264.004,5.0,5.0,5.0,1.0,1.0,1.0,5.0,5.0,1.0,5.866,8.266,10.233,7.967,6.717,10.849,14.515,21.732,17.699,131.31,34.615,100.0,54.286,0,43.042077499999984,66.05929499999996,51.14297999999999,0,0.0,0.0,0.0,0.0,0.0,0.0,0.0,0.0,0.0,0.0,0.0,0.0,0.0,0.0,0.0,0.0,0.0,0.0,0.0,0.0,0.0,0.0,0.0,0.0,0.0,0.0,0.0,0.0,0.0,0.0,0.0,0.0,0.0,0.0,0.0,0.0,0.0,0.0,0.0,0.0,0.0,0.0,0.0,0.0,0.0,0.0,0.0,0.0,0.0,0.0,0.0,0.0,0.0,0.0,0.0,0.0,0.0,0.0,0.0,0.0,0.0,0.0,0.0,0.0,0.0,0.0,0.0,0.0,0.0,0.0,0.0,0.0,0.0,0.0,0.0,0.0,0.0,0.0,0.0,0.0,0.0,0.0,0.0,0.0,0.0,0.0,0.0,0.0,0.0,0.0,0.0,0.0,0.0,0.0,0.0,0.0,0.0,0.0,0.0,0.0,0.0,0.0,0.0,0.0,0.0,0.0,0.0,0.0,0.0,0.0,0.0,0.0,0.0,0.0,0.0,0.0,0.0,0.0,0.0,0.0,0.0,0.0,0.0,0.0,0.0,0.0,0.0,0.0,0.0,0.0,0.0,0.0,0.0,0.0,0.0,0.0,0.0,0.0,0.0,0.0,0.0,0.0,0.0,0.0,0.0,0.0,0.0,0.0,0.0,0.0,0.0,0.0,0.0,0.0,0.0,0.0,0.0,0.0,0.0,0.0,0.0,0.0,0.0,0.0,0.0,0.0,0.0,0.0,0.0,0.0,0.0,0.0,0.0,0.0,0.0,0.0,0.0,0.0,0.0,0.0,0.0,0.0,0.0,0.0,0.0,0.0,0.0,0.0,0.0,0.0,0.0,0.0,0.0,0.0,0.0,0.0,0.0,0.0,0.0,0.0,0.0,0.0,0.0,0.0,0.0,0.0,0.0,0.0,0.0
3,1,0.52941176470588,0,2,E0A876,10,44250A,1,9975A0,050505,000000,615B63,0,12.0,7.0,7.0,0.0,0.0,0.0,14.0,0.0,0.0,0.0,17.0,0.0,12,7,38,0.0,1.0,2.05,1.0,23.604,2,98.269,2.0,49.801,1.0,25.503,4,5.551,4.0,38.448,243.226,1.0,1.0,2.0,22.077,2,2,2,3,4,4,3,3,4,3,3,2,3,3.0,16.682,2.0,7.098,2.0,5.9,3.0,9.196,2.0,6.399,3.0,7.097,52.372,1.0,0.0,24.0,52.987,10.0,0.0,24.0,235.857,5.0,1.0,1.0,5.0,5.0,5.0,1.0,5.0,1.0,5.468,17.636,15.101,10.435,9.117,13.236,9.55,8.084,10.635,121.733,26.923,38.095,37.143,0,45.505802500000065,40.33349500000001,51.738,0,0.0,0.0,0.0,0.0,0.0,0.0,0.0,0.0,0.0,0.0,0.0,0.0,0.0,0.0,0.0,0.0,0.0,0.0,0.0,0.0,0.0,0.0,0.0,0.0,0.0,0.0,0.0,0.0,0.0,0.0,0.0,0.0,0.0,0.0,0.0,0.0,0.0,0.0,0.0,0.0,0.0,0.0,0.0,0.0,0.0,0.0,0.0,0.0,0.0,0.0,0.0,0.0,0.0,0.0,0.0,0.0,0.0,0.0,0.0,0.0,0.0,0.0,0.0,0.0,0.0,0.0,0.0,0.0,0.0,0.0,0.0,0.0,0.0,0.0,0.0,0.0,0.0,0.0,0.0,0.0,0.0,0.0,0.0,0.0,0.0,0.0,0.0,0.0,0.0,0.0,0.0,0.0,0.0,0.0,0.0,0.0,0.0,0.0,0.0,0.0,0.0,0.0,0.0,0.0,0.0,0.0,0.0,0.0,0.0,0.0,0.0,0.0,0.0,0.0,0.0,0.0,0.0,0.0,0.0,0.0,0.0,0.0,0.0,0.0,0.0,0.0,0.0,0.0,0.0,0.0,0.0,0.0,0.0,1.0,0.0,0.0,0.0,0.0,0.0,0.0,0.0,0.0,0.0,0.0,0.0,0.0,0.0,0.0,0.0,0.0,0.0,0.0,0.0,0.0,0.0,0.0,0.0,0.0,0.0,0.0,0.0,0.0,0.0,0.0,0.0,0.0,0.0,0.0,0.0,0.0,0.0,0.0,0.0,0.0,0.0,0.0,0.0,0.0,0.0,0.0,0.0,0.0,0.0,0.0,0.0,0.0,0.0,0.0,0.0,0.0,0.0,0.0,0.0,0.0,0.0,0.0,0.0,0.0,0.0,0.0,0.0,0.0,0.0,0.0,0.0,0.0,0.0,0.0,0.0
3,0,0.47058823529412,3,3,000000,12,FFFFFF,2,FFFFFF,FFFFFF,FFFFFF,FFFFFF,5,14.0,0.0,5.0,54.446,6.0,0.0,8.0,26.982,5.0,6.0,12.0,21.115,25,6,25,102.543,4.0,5.483,4.0,14.249,4,18.549,4.0,33.499,4.0,16.599,4,7.883,3.0,9.016,105.278,2.0,1.0,1.0,27.415,1,3,2,5,5,5,5,5,5,5,5,5,1,4.0,5.3,4.0,3.7,4.0,2.5,3.0,1.8,4.0,2.1,3.0,2.0,17.4,1.0,0.0,24.0,67.53,2.0,0.0,24.0,121.628,5.0,5.0,5.0,5.0,5.0,5.0,5.0,5.0,5.0,7.049,7.35,8.466,3.748,4.981,6.881,7.566,8.616,8.716,88.396,3.846,0.0,77.143,0,10.201697500000016,12.809502499999992,84.44260749999995,5,0.0,0.0,0.0,0.0,0.0,0.0,0.0,0.0,0.0,0.0,0.0,0.0,0.0,0.0,0.0,0.0,0.0,0.0,0.0,0.0,0.0,0.0,0.0,0.0,0.0,0.0,0.0,0.0,0.0,0.0,0.0,0.0,0.0,0.0,0.0,0.0,0.0,0.0,0.0,0.0,0.0,0.0,0.0,0.0,0.0,0.0,0.0,0.0,0.0,0.0,0.0,0.0,0.0,0.0,0.0,0.0,0.0,0.0,0.0,0.0,0.0,0.0,0.0,0.0,0.0,0.0,0.0,0.0,0.0,0.0,0.0,0.0,0.0,0.0,0.0,0.0,0.0,0.0,0.0,0.0,0.0,1.0,0.0,0.0,0.0,0.0,0.0,0.0,0.0,0.0,0.0,0.0,0.0,0.0,0.0,0.0,0.0,0.0,0.0,0.0,0.0,0.0,1.0,0.0,0.0,0.0,0.0,0.0,0.0,0.0,0.0,0.0,0.0,0.0,0.0,0.0,0.0,0.0,0.0,0.0,0.0,0.0,0.0,0.0,0.0,0.0,0.0,0.0,0.0,0.0,0.0,0.0,1.0,0.0,0.0,0.0,0.0,0.0,0.0,0.0,0.0,0.0,0.0,0.0,0.0,0.0,0.0,0.0,0.0,0.0,0.0,0.0,0.0,0.0,0.0,0.0,0.0,0.0,0.0,0.0,0.0,0.0,0.0,0.0,0.0,0.0,0.0,0.0,1.0,0.0,0.0,0.0,0.0,0.0,0.0,0.0,0.0,0.0,0.0,0.0,0.0,0.0,0.0,0.0,0.0,0.0,0.0,0.0,0.0,0.0,0.0,0.0,0.0,0.0,0.0,0.0,0.0,0.0,0.0,0.0,0.0,0.0,0.0,0.0,0.0,0.0,0.0,0.0,1.0
0,0,0.29411764705882,4,2,E1CE8F,3,846B18,1,FFFFFF,BD237C,122447,A12A6F,5,2.0,1.0,17.0,22.065,3.0,0.0,11.0,26.882,3.0,0.0,14.0,20.716,8,1,42,69.663,3.0,9.1,2.0,8.132,4,21.483,4.0,10.632,2.0,18.347,2,4.084,4.0,5.2,76.978,1.0,1.0,2.0,44.065,2,4,2,5,1,1,1,5,5,5,5,5,1,1.0,10.005,4.0,7.748,3.0,6.548,2.0,9.638,1.0,8.278,1.0,2.599,44.816,0.0,0.0,24.0,154.56,0.0,0.0,15.0,300.0,5.0,1.0,1.0,5.0,1.0,1.0,1.0,5.0,5.0,9.999,8.633,12.566,10.816,8.515,12.049,5.0,8.031,9.982,143.893,50.0,100.0,94.286,0,33.09246750000001,47.01161,71.99671749999997,5,0.0,0.0,0.0,0.0,0.0,0.0,0.0,0.0,0.0,0.0,0.0,0.0,0.0,0.0,0.0,0.0,0.0,0.0,0.0,0.0,0.0,0.0,0.0,0.0,0.0,0.0,0.0,0.0,0.0,0.0,0.0,0.0,0.0,0.0,0.0,0.0,0.0,0.0,0.0,0.0,0.0,0.0,0.0,0.0,0.0,0.0,0.0,0.0,0.0,0.0,0.0,0.0,0.0,0.0,0.0,0.0,0.0,0.0,0.0,0.0,0.0,0.0,0.0,0.0,0.0,0.0,0.0,0.0,0.0,0.0,0.0,0.0,0.0,0.0,0.0,0.0,0.0,0.0,0.0,0.0,0.0,0.0,0.0,0.0,0.0,0.0,0.0,0.0,0.0,0.0,0.0,0.0,0.0,0.0,0.0,0.0,0.0,0.0,0.0,0.0,0.0,0.0,1.0,0.0,0.0,0.0,0.0,0.0,0.0,0.0,0.0,0.0,0.0,0.0,0.0,0.0,0.0,0.0,0.0,0.0,0.0,0.0,0.0,0.0,0.0,0.0,0.0,0.0,0.0,0.0,0.0,0.0,0.0,0.0,0.0,0.0,0.0,0.0,0.0,0.0,0.0,0.0,0.0,0.0,0.0,0.0,0.0,0.0,0.0,0.0,0.0,0.0,0.0,0.0,0.0,0.0,0.0,0.0,0.0,0.0,0.0,0.0,0.0,0.0,0.0,0.0,0.0,0.0,0.0,0.0,0.0,0.0,0.0,0.0,0.0,0.0,0.0,0.0,0.0,0.0,0.0,0.0,0.0,0.0,0.0,0.0,0.0,0.0,0.0,0.0,0.0,0.0,0.0,0.0,0.0,0.0,0.0,0.0,0.0,0.0,0.0,0.0,0.0,0.0,0.0,0.0,0.0,0.0,0.0
1,1,0.35294117647059,3,2,FFFFFF,10,FFFFFF,1,FFFFFF,FFFFFF,FFFFFF,FFFFFF,0,17.0,7.0,2.0,45.147,13.0,1.0,1.0,40.132,10.0,2.0,7.0,29.382,40,10,10,114.661,2.0,4.584,1.0,7.599,2,1.75,2.0,15.616,2.0,9.266,1,10.183,1.0,3.834,52.832,1.0,1.0,1.0,16.633,3,2,2,2,2,1,2,1,3,2,2,2,5,1.0,3.9,1.0,2.1,1.0,1.8,1.0,0.7,1.0,2.7,2.0,2.7,13.9,1.0,0.0,24.0,55.712,13.0,0.0,24.0,164.827,1.0,5.0,5.0,1.0,1.0,1.0,1.0,1.0,1.0,4.567,6.883,2.8,5.034,5.017,3.034,7.25,8.933,3.566,71.563,46.154,57.143,48.571,0,53.57272250000008,74.36928000000003,36.887665,0,0.0,0.0,0.0,0.0,0.0,0.0,0.0,0.0,0.0,0.0,0.0,0.0,0.0,0.0,0.0,0.0,0.0,0.0,0.0,0.0,0.0,0.0,0.0,0.0,0.0,0.0,0.0,0.0,0.0,0.0,0.0,0.0,0.0,0.0,0.0,0.0,0.0,0.0,0.0,0.0,0.0,0.0,1.0,0.0,0.0,0.0,0.0,0.0,0.0,0.0,0.0,0.0,0.0,0.0,0.0,0.0,0.0,0.0,0.0,0.0,0.0,0.0,0.0,0.0,0.0,0.0,0.0,0.0,0.0,0.0,0.0,0.0,0.0,0.0,0.0,0.0,0.0,0.0,0.0,0.0,0.0,1.0,0.0,0.0,0.0,0.0,0.0,0.0,0.0,0.0,0.0,0.0,0.0,0.0,0.0,0.0,0.0,0.0,0.0,0.0,0.0,0.0,1.0,0.0,0.0,0.0,0.0,0.0,0.0,0.0,0.0,0.0,0.0,0.0,0.0,0.0,0.0,0.0,0.0,0.0,0.0,0.0,0.0,0.0,0.0,0.0,0.0,0.0,0.0,0.0,0.0,0.0,1.0,0.0,0.0,0.0,0.0,0.0,0.0,0.0,0.0,0.0,0.0,0.0,0.0,0.0,0.0,0.0,0.0,0.0,0.0,0.0,0.0,0.0,0.0,0.0,0.0,0.0,0.0,0.0,0.0,0.0,0.0,0.0,0.0,0.0,0.0,0.0,1.0,0.0,0.0,0.0,0.0,0.0,0.0,0.0,0.0,0.0,0.0,0.0,0.0,0.0,0.0,0.0,0.0,0.0,0.0,0.0,0.0,0.0,0.0,0.0,0.0,0.0,0.0,0.0,0.0,0.0,0.0,0.0,0.0,0.0,0.0,0.0,0.0,0.0,0.0,0.0,1.0
1,1,0.41176470588235,2,2,FFFFFF,13,FFFFFF,2,FFFFFF,FFFFFF,FFFFFF,FFFFFF,0,0.0,3.0,19.0,20.85,3.0,1.0,11.0,26.648,2.0,1.0,15.0,17.299,5,5,45,64.797,3.0,17.833,3.0,15.749,2,16.183,3.0,14.416,4.0,165.758,3,15.599,1.0,15.016,260.554,1.0,1.0,0.0,27.583,1,3,2,4,3,5,3,2,3,2,1,4,1,3.0,0.3,3.0,0.8,2.0,0.5,3.0,1.2,2.0,0.8,3.0,0.9,4.5,0.0,0.0,24.0,83.046,0.0,0.0,24.0,148.309,5.0,5.0,1.0,5.0,5.0,5.0,5.0,5.0,1.0,5.966,4.517,8.464,7.817,6.816,6.016,7.233,7.834,9.782,88.912,11.538,19.048,62.857,0,32.082387499999975,39.380762499999975,59.00707499999999,0,0.0,0.0,0.0,0.0,0.0,0.0,0.0,0.0,0.0,0.0,0.0,0.0,0.0,0.0,0.0,0.0,0.0,0.0,0.0,0.0,0.0,0.0,0.0,0.0,0.0,0.0,0.0,0.0,0.0,0.0,0.0,0.0,0.0,0.0,0.0,0.0,0.0,0.0,0.0,0.0,0.0,0.0,1.0,0.0,0.0,0.0,0.0,0.0,0.0,0.0,0.0,0.0,0.0,0.0,0.0,0.0,0.0,0.0,0.0,0.0,0.0,0.0,0.0,0.0,0.0,0.0,0.0,0.0,0.0,0.0,0.0,0.0,0.0,0.0,0.0,0.0,0.0,0.0,0.0,0.0,0.0,1.0,0.0,0.0,0.0,0.0,0.0,0.0,0.0,0.0,0.0,0.0,0.0,0.0,0.0,0.0,0.0,0.0,0.0,0.0,0.0,0.0,1.0,0.0,0.0,0.0,0.0,0.0,0.0,0.0,0.0,0.0,0.0,0.0,0.0,0.0,0.0,0.0,0.0,0.0,0.0,0.0,0.0,0.0,0.0,0.0,0.0,0.0,0.0,0.0,0.0,0.0,1.0,0.0,0.0,0.0,0.0,0.0,0.0,0.0,0.0,0.0,0.0,0.0,0.0,0.0,0.0,0.0,0.0,0.0,0.0,0.0,0.0,0.0,0.0,0.0,0.0,0.0,0.0,0.0,0.0,0.0,0.0,0.0,0.0,0.0,0.0,0.0,1.0,0.0,0.0,0.0,0.0,0.0,0.0,0.0,0.0,0.0,0.0,0.0,0.0,0.0,0.0,0.0,0.0,0.0,0.0,0.0,0.0,0.0,0.0,0.0,0.0,0.0,0.0,0.0,0.0,0.0,0.0,0.0,0.0,0.0,0.0,0.0,0.0,0.0,0.0,0.0,1.0
2,1,0.29411764705882,1,0,EBC882,13,392600,0,FFFFFF,FFFFFF,222222,FE79FE,5,1.0,2.0,18.0,22.632,0.0,2.0,14.0,16.266,0.0,1.0,17.0,4.667,1,5,49,43.565,3.0,4.283,4.0,27.548,3,172.125,-1.0,-1.0,-1.0,-1.0,4,55.815,2.0,6.649,264.42,2.0,1.0,3.0,29.864,2,3,2,3,4,3,5,4,4,3,4,4,1,3.0,6.8,4.0,4.0,2.0,9.1,3.0,3.1,4.0,3.6,3.0,1.9,28.5,0.0,0.0,24.0,84.429,0.0,0.0,24.0,149.077,5.0,5.0,5.0,1.0,5.0,1.0,5.0,5.0,5.0,8.182,6.516,5.915,11.066,12.533,16.8,5.766,15.749,6.617,118.644,3.846,28.571,88.571,0,26.77833999999999,38.71391499999995,64.29619,5,0.0,0.0,0.0,0.0,0.0,0.0,0.0,0.0,0.0,0.0,0.0,0.0,0.0,0.0,0.0,0.0,0.0,0.0,0.0,0.0,0.0,0.0,0.0,0.0,0.0,0.0,0.0,0.0,0.0,0.0,0.0,0.0,0.0,0.0,0.0,0.0,0.0,0.0,0.0,0.0,0.0,0.0,0.0,0.0,0.0,0.0,0.0,0.0,0.0,0.0,0.0,0.0,0.0,0.0,0.0,0.0,0.0,0.0,0.0,0.0,0.0,0.0,0.0,0.0,0.0,0.0,0.0,0.0,0.0,0.0,0.0,0.0,0.0,0.0,0.0,0.0,0.0,0.0,0.0,0.0,0.0,0.0,0.0,0.0,0.0,0.0,0.0,0.0,0.0,0.0,0.0,0.0,0.0,0.0,0.0,0.0,0.0,0.0,0.0,0.0,0.0,0.0,1.0,0.0,0.0,0.0,0.0,0.0,0.0,0.0,0.0,0.0,0.0,0.0,0.0,0.0,0.0,0.0,0.0,0.0,0.0,0.0,0.0,0.0,0.0,0.0,0.0,0.0,0.0,0.0,0.0,0.0,1.0,0.0,0.0,0.0,0.0,0.0,0.0,0.0,0.0,0.0,0.0,0.0,0.0,0.0,0.0,0.0,0.0,0.0,0.0,0.0,0.0,0.0,0.0,0.0,0.0,0.0,0.0,0.0,0.0,0.0,0.0,0.0,0.0,0.0,0.0,0.0,0.0,0.0,0.0,0.0,0.0,0.0,0.0,0.0,0.0,0.0,0.0,0.0,0.0,0.0,0.0,0.0,0.0,0.0,0.0,0.0,0.0,0.0,0.0,0.0,0.0,0.0,0.0,0.0,0.0,0.0,0.0,0.0,0.0,0.0,0.0,0.0,0.0,0.0,0.0,0.0,0.0
1,0,0.35294117647059,1,0,FFFFFF,8,FFFFFF,2,FFFFFF,FFFFFF,FFFFFF,FFFFFF,5,19.0,34.0,0.0,63.561,0.0,2.0,14.0,6.641,0.0,0.0,17.0,2.648,19,36,31,72.85,2.0,20.78,2.0,17.716,2,5.092,2.0,20.901,2.0,6.325,2,3.813,2.0,6.68,81.307,2.0,1.0,3.0,34.762,1,2,2,1,1,1,5,5,1,5,5,1,3,1.0,5.5,1.0,3.7,2.0,2.7,0.0,11.2,1.0,4.6,2.0,3.2,30.9,1.0,0.0,24.0,91.748,7.0,0.0,24.0,154.977,5.0,1.0,1.0,1.0,1.0,5.0,1.0,1.0,5.0,14.889,8.932,17.725,7.945,12.305,13.94,15.009,9.1,9.246,133.076,26.923,90.476,62.857,0,57.99711750000008,69.20244750000003,50.37961,5,0.0,0.0,0.0,0.0,0.0,0.0,0.0,0.0,0.0,0.0,0.0,0.0,0.0,0.0,0.0,0.0,0.0,0.0,0.0,0.0,0.0,0.0,0.0,0.0,0.0,0.0,0.0,0.0,0.0,0.0,0.0,0.0,0.0,0.0,0.0,0.0,0.0,0.0,0.0,0.0,0.0,0.0,1.0,0.0,0.0,0.0,0.0,0.0,0.0,0.0,0.0,0.0,0.0,0.0,0.0,0.0,0.0,0.0,0.0,0.0,0.0,0.0,0.0,0.0,0.0,0.0,0.0,0.0,0.0,0.0,0.0,0.0,0.0,0.0,0.0,0.0,0.0,0.0,0.0,0.0,0.0,1.0,0.0,0.0,0.0,0.0,0.0,0.0,0.0,0.0,0.0,0.0,0.0,0.0,0.0,0.0,0.0,0.0,0.0,0.0,0.0,0.0,1.0,0.0,0.0,0.0,0.0,0.0,0.0,0.0,0.0,0.0,0.0,0.0,0.0,0.0,0.0,0.0,0.0,0.0,0.0,0.0,0.0,0.0,0.0,0.0,0.0,0.0,0.0,0.0,0.0,0.0,1.0,0.0,0.0,0.0,0.0,0.0,0.0,0.0,0.0,0.0,0.0,0.0,0.0,0.0,0.0,0.0,0.0,0.0,0.0,0.0,0.0,0.0,0.0,0.0,0.0,0.0,0.0,0.0,0.0,0.0,0.0,0.0,0.0,0.0,0.0,0.0,1.0,0.0,0.0,0.0,0.0,0.0,0.0,0.0,0.0,0.0,0.0,0.0,0.0,0.0,0.0,0.0,0.0,0.0,0.0,0.0,0.0,0.0,0.0,0.0,0.0,0.0,0.0,0.0,0.0,0.0,0.0,0.0,0.0,0.0,0.0,0.0,0.0,0.0,0.0,0.0,1.0
1,1,0.58823529411765,2,0,FFFFFF,7,B30007,1,FFFFFF,FFFFFF,FFFFFF,FFFFFF,0,14.0,21.0,5.0,58.564,9.0,29.0,5.0,67.948,5.0,11.0,12.0,0.0,28,61,22,126.512,4.0,3.166,2.0,5.717,3,15.649,2.0,17.1,3.0,17.349,4,7.917,1.0,7.999,74.897,1.0,0.0,1.0,19.083,1,2,3,1,5,1,1,5,5,5,5,5,1,1.0,5.8,1.0,2.0,1.0,2.9,1.0,1.2,2.0,3.0,2.0,6.2,21.1,0.0,0.0,24.0,64.948,4.0,0.0,24.0,97.412,1.0,1.0,1.0,1.0,1.0,5.0,1.0,1.0,1.0,3.9,7.417,6.783,5.832,9.867,8.482,22.149,6.667,5.066,100.494,42.308,38.095,68.571,0,60.77123000000009,63.2611425,52.3135025,0,0.0,0.0,0.0,0.0,0.0,0.0,0.0,0.0,0.0,0.0,0.0,0.0,0.0,0.0,0.0,0.0,0.0,0.0,0.0,0.0,0.0,0.0,0.0,0.0,0.0,0.0,0.0,0.0,0.0,0.0,0.0,0.0,0.0,0.0,0.0,0.0,0.0,0.0,0.0,0.0,0.0,0.0,1.0,0.0,0.0,0.0,0.0,0.0,0.0,0.0,0.0,0.0,0.0,0.0,0.0,0.0,0.0,0.0,0.0,0.0,0.0,0.0,0.0,0.0,0.0,0.0,0.0,0.0,0.0,0.0,0.0,0.0,0.0,0.0,0.0,0.0,0.0,0.0,0.0,0.0,0.0,0.0,0.0,0.0,0.0,0.0,0.0,0.0,0.0,0.0,0.0,0.0,0.0,0.0,0.0,0.0,0.0,0.0,0.0,0.0,0.0,0.0,1.0,0.0,0.0,0.0,0.0,0.0,0.0,0.0,0.0,0.0,0.0,0.0,0.0,0.0,0.0,0.0,0.0,0.0,0.0,0.0,0.0,0.0,0.0,0.0,0.0,0.0,0.0,0.0,0.0,0.0,1.0,0.0,0.0,0.0,0.0,0.0,0.0,0.0,0.0,0.0,0.0,0.0,0.0,0.0,0.0,0.0,0.0,0.0,0.0,0.0,0.0,0.0,0.0,0.0,0.0,0.0,0.0,0.0,0.0,0.0,0.0,0.0,0.0,0.0,0.0,0.0,1.0,0.0,0.0,0.0,0.0,0.0,0.0,0.0,0.0,0.0,0.0,0.0,0.0,0.0,0.0,0.0,0.0,0.0,0.0,0.0,0.0,0.0,0.0,0.0,0.0,0.0,0.0,0.0,0.0,0.0,0.0,0.0,0.0,0.0,0.0,0.0,0.0,0.0,0.0,0.0,1.0
1,1,0.52941176470588,3,2,FFFFFF,10,FFFFFF,1,FFFFFF,FFFFFF,FFFFFF,FFFFFF,4,18.0,13.0,1.0,99.381,1.0,0.0,13.0,24.469,3.0,0.0,14.0,11.44,22,13,28,135.29,3.0,9.717,3.0,16.074,3,6.071,2.0,7.342,3.0,8.547,1,8.931,2.0,8.898,65.58,2.0,1.0,1.0,24.335,1,2,3,5,3,2,4,4,4,4,3,2,1,2.0,3.9,2.0,1.6,1.0,2.4,3.0,1.984,3.0,0.4,2.0,2.2,12.484,0.0,0.0,24.0,50.995,0.0,0.0,24.0,118.833,5.0,5.0,1.0,5.0,5.0,5.0,1.0,5.0,5.0,9.248,6.071,4.817,5.051,3.361,7.727,7.275,11.006,6.205,83.943,15.385,52.381,68.571,0,32.70636,42.619009999999975,55.684627500000005,4,0.0,0.0,0.0,0.0,0.0,0.0,0.0,0.0,0.0,0.0,0.0,0.0,0.0,0.0,0.0,0.0,0.0,0.0,0.0,0.0,0.0,0.0,0.0,0.0,0.0,0.0,0.0,0.0,0.0,0.0,0.0,0.0,0.0,0.0,0.0,0.0,0.0,0.0,0.0,0.0,0.0,0.0,1.0,0.0,0.0,0.0,0.0,0.0,0.0,0.0,0.0,0.0,0.0,0.0,0.0,0.0,0.0,0.0,0.0,0.0,0.0,0.0,0.0,0.0,0.0,0.0,0.0,0.0,0.0,0.0,0.0,0.0,0.0,0.0,0.0,0.0,0.0,0.0,0.0,0.0,0.0,1.0,0.0,0.0,0.0,0.0,0.0,0.0,0.0,0.0,0.0,0.0,0.0,0.0,0.0,0.0,0.0,0.0,0.0,0.0,0.0,0.0,1.0,0.0,0.0,0.0,0.0,0.0,0.0,0.0,0.0,0.0,0.0,0.0,0.0,0.0,0.0,0.0,0.0,0.0,0.0,0.0,0.0,0.0,0.0,0.0,0.0,0.0,0.0,0.0,0.0,0.0,1.0,0.0,0.0,0.0,0.0,0.0,0.0,0.0,0.0,0.0,0.0,0.0,0.0,0.0,0.0,0.0,0.0,0.0,0.0,0.0,0.0,0.0,0.0,0.0,0.0,0.0,0.0,0.0,0.0,0.0,0.0,0.0,0.0,0.0,0.0,0.0,1.0,0.0,0.0,0.0,0.0,0.0,0.0,0.0,0.0,0.0,0.0,0.0,0.0,0.0,0.0,0.0,0.0,0.0,0.0,0.0,0.0,0.0,0.0,0.0,0.0,0.0,0.0,0.0,0.0,0.0,0.0,0.0,0.0,0.0,0.0,0.0,0.0,0.0,0.0,0.0,1.0
3,0,0.41176470588235,4,7,FFFFFF,8,FFFFFF,2,FFFFFF,FFFFFF,FFFFFF,FFFFFF,5,16.0,0.0,3.0,45.515,12.0,0.0,2.0,31.932,14.0,0.0,3.0,57.614,42,0,8,135.061,2.0,3.117,1.0,11.649,2,31.081,2.0,11.666,1.0,13.166,1,7.699,2.0,9.283,87.661,1.0,0.0,1.0,19.316,1,2,2,3,4,1,2,3,2,3,2,4,3,3.0,3.679,2.0,5.062,0.0,3.977,2.0,4.482,3.0,7.928,0.0,9.669,34.797,2.0,0.0,24.0,52.096,2.0,0.0,24.0,143.993,1.0,5.0,1.0,1.0,1.0,5.0,1.0,1.0,5.0,7.5,10.916,16.183,11.617,9.232,14.866,9.78,10.233,7.866,125.344,50.0,76.19,51.429,0,45.40135750000004,55.90492000000005,49.405715000000015,5,0.0,0.0,0.0,0.0,0.0,0.0,0.0,0.0,0.0,0.0,0.0,0.0,0.0,0.0,0.0,0.0,0.0,0.0,0.0,0.0,0.0,0.0,0.0,0.0,0.0,0.0,0.0,0.0,0.0,0.0,0.0,0.0,0.0,0.0,0.0,0.0,0.0,0.0,0.0,0.0,0.0,0.0,1.0,0.0,0.0,0.0,0.0,0.0,0.0,0.0,0.0,0.0,0.0,0.0,0.0,0.0,0.0,0.0,0.0,0.0,0.0,0.0,0.0,0.0,0.0,0.0,0.0,0.0,0.0,0.0,0.0,0.0,0.0,0.0,0.0,0.0,0.0,0.0,0.0,0.0,0.0,1.0,0.0,0.0,0.0,0.0,0.0,0.0,0.0,0.0,0.0,0.0,0.0,0.0,0.0,0.0,0.0,0.0,0.0,0.0,0.0,0.0,1.0,0.0,0.0,0.0,0.0,0.0,0.0,0.0,0.0,0.0,0.0,0.0,0.0,0.0,0.0,0.0,0.0,0.0,0.0,0.0,0.0,0.0,0.0,0.0,0.0,0.0,0.0,0.0,0.0,0.0,1.0,0.0,0.0,0.0,0.0,0.0,0.0,0.0,0.0,0.0,0.0,0.0,0.0,0.0,0.0,0.0,0.0,0.0,0.0,0.0,0.0,0.0,0.0,0.0,0.0,0.0,0.0,0.0,0.0,0.0,0.0,0.0,0.0,0.0,0.0,0.0,1.0,0.0,0.0,0.0,0.0,0.0,0.0,0.0,0.0,0.0,0.0,0.0,0.0,0.0,0.0,0.0,0.0,0.0,0.0,0.0,0.0,0.0,0.0,0.0,0.0,0.0,0.0,0.0,0.0,0.0,0.0,0.0,0.0,0.0,0.0,0.0,0.0,0.0,0.0,0.0,1.0
3,0,0.35294117647059,1,0,F6B39C,2,FFFFFF,2,FFFFFF,FFFFFF,FFFFFF,FFFFFF,0,2.0,3.0,17.0,23.5,2.0,13.0,12.0,31.597,13.0,26.0,4.0,44.415,17,42,33,99.512,3.0,5.25,2.0,20.583,4,5.933,3.0,5.833,4.0,3.716,4,2.233,3.0,2.5,46.048,2.0,0.0,0.0,20.966,1,2,2,5,5,5,5,5,5,5,5,5,1,3.0,5.964,3.0,4.146,2.0,2.014,3.0,3.912,2.0,1.4,2.0,1.413,18.849,2.0,0.0,24.0,95.03,4.0,0.0,24.0,124.561,1.0,1.0,1.0,5.0,5.0,1.0,1.0,5.0,1.0,1.267,1.067,1.301,2.883,1.234,1.233,1.266,3.167,1.25,33.799,7.692,33.333,71.429,0,30.91446999999997,34.9285525,61.75493749999999,0,0.0,0.0,0.0,0.0,0.0,0.0,0.0,0.0,0.0,0.0,0.0,0.0,0.0,0.0,0.0,0.0,0.0,0.0,0.0,0.0,0.0,0.0,0.0,0.0,0.0,0.0,0.0,0.0,0.0,0.0,0.0,0.0,0.0,0.0,0.0,0.0,0.0,0.0,0.0,0.0,0.0,0.0,0.0,0.0,0.0,0.0,0.0,0.0,0.0,0.0,0.0,0.0,0.0,0.0,0.0,0.0,0.0,0.0,0.0,0.0,0.0,0.0,0.0,0.0,0.0,0.0,0.0,0.0,0.0,0.0,0.0,0.0,0.0,0.0,0.0,0.0,0.0,0.0,0.0,0.0,0.0,1.0,0.0,0.0,0.0,0.0,0.0,0.0,0.0,0.0,0.0,0.0,0.0,0.0,0.0,0.0,0.0,0.0,0.0,0.0,0.0,0.0,1.0,0.0,0.0,0.0,0.0,0.0,0.0,0.0,0.0,0.0,0.0,0.0,0.0,0.0,0.0,0.0,0.0,0.0,0.0,0.0,0.0,0.0,0.0,0.0,0.0,0.0,0.0,0.0,0.0,0.0,1.0,0.0,0.0,0.0,0.0,0.0,0.0,0.0,0.0,0.0,0.0,0.0,0.0,0.0,0.0,0.0,0.0,0.0,0.0,0.0,0.0,0.0,0.0,0.0,0.0,0.0,0.0,0.0,0.0,0.0,0.0,0.0,0.0,0.0,0.0,0.0,1.0,0.0,0.0,0.0,0.0,0.0,0.0,0.0,0.0,0.0,0.0,0.0,0.0,0.0,0.0,0.0,0.0,0.0,0.0,0.0,0.0,0.0,0.0,0.0,0.0,0.0,0.0,0.0,0.0,0.0,0.0,0.0,0.0,0.0,0.0,0.0,0.0,0.0,0.0,0.0,1.0
0,0,0.64705882352941,4,0,FFFFFF,0,FFFFFF,2,FFFFFF,FFFFFF,FFFFFF,FFFFFF,0,16.0,2.0,-20.0,119.629,4.0,0.0,-1.0,21.347,0.0,2.0,15.0,0.0,20,4,-6,140.976,3.0,6.696,1.0,12.191,1,6.921,1.0,16.341,4.0,42.698,4,33.237,3.0,44.791,162.875,1.0,0.0,1.0,24.833,1,1,3,5,2,4,3,2,3,3,2,1,3,2.0,10.967,2.0,12.82,2.0,6.566,2.0,7.899,2.0,4.617,2.0,6.45,49.319,0.0,0.0,24.0,36.448,2.0,0.0,24.0,103.629,1.0,1.0,1.0,5.0,1.0,5.0,1.0,1.0,1.0,11.35,21.782,21.483,24.699,8.449,5.983,7.733,10.633,6.95,144.426,26.923,66.667,62.857,0,43.76075250000007,49.40463,42.02239750000002,0,0.0,0.0,0.0,0.0,0.0,0.0,0.0,0.0,0.0,0.0,0.0,0.0,0.0,0.0,0.0,0.0,0.0,0.0,0.0,0.0,0.0,0.0,0.0,0.0,0.0,0.0,0.0,0.0,0.0,0.0,0.0,0.0,0.0,0.0,0.0,0.0,0.0,0.0,0.0,0.0,0.0,0.0,1.0,0.0,0.0,0.0,0.0,0.0,0.0,0.0,0.0,0.0,0.0,0.0,0.0,0.0,0.0,0.0,0.0,0.0,0.0,0.0,0.0,0.0,0.0,0.0,0.0,0.0,0.0,0.0,0.0,0.0,0.0,0.0,0.0,0.0,0.0,0.0,0.0,0.0,0.0,1.0,0.0,0.0,0.0,0.0,0.0,0.0,0.0,0.0,0.0,0.0,0.0,0.0,0.0,0.0,0.0,0.0,0.0,0.0,0.0,0.0,1.0,0.0,0.0,0.0,0.0,0.0,0.0,0.0,0.0,0.0,0.0,0.0,0.0,0.0,0.0,0.0,0.0,0.0,0.0,0.0,0.0,0.0,0.0,0.0,0.0,0.0,0.0,0.0,0.0,0.0,1.0,0.0,0.0,0.0,0.0,0.0,0.0,0.0,0.0,0.0,0.0,0.0,0.0,0.0,0.0,0.0,0.0,0.0,0.0,0.0,0.0,0.0,0.0,0.0,0.0,0.0,0.0,0.0,0.0,0.0,0.0,0.0,0.0,0.0,0.0,0.0,1.0,0.0,0.0,0.0,0.0,0.0,0.0,0.0,0.0,0.0,0.0,0.0,0.0,0.0,0.0,0.0,0.0,0.0,0.0,0.0,0.0,0.0,0.0,0.0,0.0,0.0,0.0,0.0,0.0,0.0,0.0,0.0,0.0,0.0,0.0,0.0,0.0,0.0,0.0,0.0,1.0
1,0,0.47058823529412,2,3,FFFFFF,11,FFFFFF,2,FFFFFF,FFFFFF,FFFFFF,FFFFFF,0,2.0,1.0,17.0,29.342,1.0,2.0,13.0,25.816,1.0,2.0,16.0,14.166,4,5,46,69.324,4.0,5.999,3.0,21.182,2,16.183,4.0,11.299,3.0,13.466,4,8.484,2.0,9.665,86.278,2.0,1.0,1.0,25.849,1,2,2,5,4,4,4,3,5,3,4,2,1,3.0,7.3,3.0,7.8,3.0,4.4,3.0,2.6,2.0,1.6,3.0,4.6,28.3,0.0,0.0,24.0,57.38,1.0,0.0,24.0,197.724,5.0,5.0,5.0,5.0,5.0,5.0,5.0,5.0,5.0,6.067,21.283,8.882,9.867,6.083,8.083,6.384,14.499,5.517,108.779,38.462,71.429,97.143,0,25.850527499999966,32.28573249999996,71.34780749999999,0,0.0,0.0,0.0,0.0,0.0,0.0,0.0,0.0,0.0,0.0,0.0,0.0,0.0,0.0,0.0,0.0,0.0,0.0,0.0,0.0,0.0,0.0,0.0,0.0,0.0,0.0,0.0,0.0,0.0,0.0,0.0,0.0,0.0,0.0,0.0,0.0,0.0,0.0,0.0,0.0,0.0,0.0,1.0,0.0,0.0,0.0,0.0,0.0,0.0,0.0,0.0,0.0,0.0,0.0,0.0,0.0,0.0,0.0,0.0,0.0,0.0,0.0,0.0,0.0,0.0,0.0,0.0,0.0,0.0,0.0,0.0,0.0,0.0,0.0,0.0,0.0,0.0,0.0,0.0,0.0,0.0,1.0,0.0,0.0,0.0,0.0,0.0,0.0,0.0,0.0,0.0,0.0,0.0,0.0,0.0,0.0,0.0,0.0,0.0,0.0,0.0,0.0,1.0,0.0,0.0,0.0,0.0,0.0,0.0,0.0,0.0,0.0,0.0,0.0,0.0,0.0,0.0,0.0,0.0,0.0,0.0,0.0,0.0,0.0,0.0,0.0,0.0,0.0,0.0,0.0,0.0,0.0,1.0,0.0,0.0,0.0,0.0,0.0,0.0,0.0,0.0,0.0,0.0,0.0,0.0,0.0,0.0,0.0,0.0,0.0,0.0,0.0,0.0,0.0,0.0,0.0,0.0,0.0,0.0,0.0,0.0,0.0,0.0,0.0,0.0,0.0,0.0,0.0,1.0,0.0,0.0,0.0,0.0,0.0,0.0,0.0,0.0,0.0,0.0,0.0,0.0,0.0,0.0,0.0,0.0,0.0,0.0,0.0,0.0,0.0,0.0,0.0,0.0,0.0,0.0,0.0,0.0,0.0,0.0,0.0,0.0,0.0,0.0,0.0,0.0,0.0,0.0,0.0,1.0
4,0,0.41176470588235,3,4,FFFFFF,11,FFFFFF,2,FFFFFF,FFFFFF,FFFFFF,FFFFFF,1,2.0,2.0,17.0,23.882,1.0,2.0,13.0,15.416,3.0,0.0,14.0,14.099,6,4,44,53.397,4.0,0.9,2.0,10.367,4,2.816,4.0,17.882,4.0,12.249,2,3.583,4.0,4.784,52.581,1.0,1.0,3.0,19.3,1,3,2,5,5,4,5,5,5,5,5,5,1,4.0,17.809,4.0,3.647,4.0,1.699,4.0,5.646,4.0,4.159,4.0,1.079,34.039,2.0,0.0,24.0,185.061,5.0,0.0,24.0,255.186,1.0,5.0,1.0,5.0,5.0,5.0,5.0,5.0,5.0,1.733,3.783,8.267,6.049,2.8,6.399,5.499,8.866,4.949,70.996,6.7,47.6,85.7,0,19.70855999999995,21.511722499999998,80.51367999999994,1,0.0,0.0,0.0,0.0,0.0,0.0,0.0,0.0,0.0,0.0,0.0,0.0,0.0,0.0,0.0,0.0,0.0,0.0,0.0,0.0,0.0,0.0,0.0,0.0,0.0,0.0,0.0,0.0,0.0,0.0,0.0,0.0,0.0,0.0,0.0,0.0,0.0,0.0,0.0,0.0,0.0,0.0,1.0,0.0,0.0,0.0,0.0,0.0,0.0,0.0,0.0,0.0,0.0,0.0,0.0,0.0,0.0,0.0,0.0,0.0,0.0,0.0,0.0,0.0,0.0,0.0,0.0,0.0,0.0,0.0,0.0,0.0,0.0,0.0,0.0,0.0,0.0,0.0,0.0,0.0,0.0,1.0,0.0,0.0,0.0,0.0,0.0,0.0,0.0,0.0,0.0,0.0,0.0,0.0,0.0,0.0,0.0,0.0,0.0,0.0,0.0,0.0,1.0,0.0,0.0,0.0,0.0,0.0,0.0,0.0,0.0,0.0,0.0,0.0,0.0,0.0,0.0,0.0,0.0,0.0,0.0,0.0,0.0,0.0,0.0,0.0,0.0,0.0,0.0,0.0,0.0,0.0,1.0,0.0,0.0,0.0,0.0,0.0,0.0,0.0,0.0,0.0,0.0,0.0,0.0,0.0,0.0,0.0,0.0,0.0,0.0,0.0,0.0,0.0,0.0,0.0,0.0,0.0,0.0,0.0,0.0,0.0,0.0,0.0,0.0,0.0,0.0,0.0,1.0,0.0,0.0,0.0,0.0,0.0,0.0,0.0,0.0,0.0,0.0,0.0,0.0,0.0,0.0,0.0,0.0,0.0,0.0,0.0,0.0,0.0,0.0,0.0,0.0,0.0,0.0,0.0,0.0,0.0,0.0,0.0,0.0,0.0,0.0,0.0,0.0,0.0,0.0,0.0,1.0
3,0,0.64705882352941,1,3,FFFFFF,9,FFFFFF,2,FFFFFF,FFFFFF,FFFFFF,FFFFFF,5,5.0,2.0,14.0,44.73,3.0,0.0,11.0,11.4,3.0,0.0,14.0,10.149,11,2,39,66.279,2.0,25.615,2.0,6.566,2,8.516,2.0,5.751,1.0,7.766,4,6.816,1.0,10.333,71.363,3.0,0.0,1.0,20.432,3,2,3,2,3,1,1,1,5,1,2,1,1,0.0,4.1,2.0,3.3,1.0,2.1,2.0,3.0,1.0,5.0,2.0,2.5,20.0,2.0,0.0,24.0,64.63,2.0,0.0,24.0,88.129,1.0,1.0,1.0,1.0,1.0,1.0,1.0,1.0,1.0,6.8,6.733,5.199,4.4,6.5,4.766,4.734,4.9,4.783,71.863,92.308,90.476,31.429,0,60.34528250000019,62.214382500000085,34.76446000000001,5,0.0,0.0,0.0,0.0,0.0,0.0,0.0,0.0,0.0,0.0,0.0,0.0,0.0,0.0,0.0,0.0,0.0,0.0,0.0,0.0,0.0,0.0,0.0,0.0,0.0,0.0,0.0,0.0,0.0,0.0,0.0,0.0,0.0,0.0,0.0,0.0,0.0,0.0,0.0,0.0,0.0,0.0,1.0,0.0,0.0,0.0,0.0,0.0,0.0,0.0,0.0,0.0,0.0,0.0,0.0,0.0,0.0,0.0,0.0,0.0,0.0,0.0,0.0,0.0,0.0,0.0,0.0,0.0,0.0,0.0,0.0,0.0,0.0,0.0,0.0,0.0,0.0,0.0,0.0,0.0,0.0,1.0,0.0,0.0,0.0,0.0,0.0,0.0,0.0,0.0,0.0,0.0,0.0,0.0,0.0,0.0,0.0,0.0,0.0,0.0,0.0,0.0,1.0,0.0,0.0,0.0,0.0,0.0,0.0,0.0,0.0,0.0,0.0,0.0,0.0,0.0,0.0,0.0,0.0,0.0,0.0,0.0,0.0,0.0,0.0,0.0,0.0,0.0,0.0,0.0,0.0,0.0,1.0,0.0,0.0,0.0,0.0,0.0,0.0,0.0,0.0,0.0,0.0,0.0,0.0,0.0,0.0,0.0,0.0,0.0,0.0,0.0,0.0,0.0,0.0,0.0,0.0,0.0,0.0,0.0,0.0,0.0,0.0,0.0,0.0,0.0,0.0,0.0,1.0,0.0,0.0,0.0,0.0,0.0,0.0,0.0,0.0,0.0,0.0,0.0,0.0,0.0,0.0,0.0,0.0,0.0,0.0,0.0,0.0,0.0,0.0,0.0,0.0,0.0,0.0,0.0,0.0,0.0,0.0,0.0,0.0,0.0,0.0,0.0,0.0,0.0,0.0,0.0,1.0
0,1,0.35294117647059,2,2,EEE497,7,000000,0,FFFFFF,000000,1412EB,070000,0,2.0,1.0,17.0,17.294,1.0,2.0,13.0,11.009,2.0,1.0,15.0,10.199,5,4,45,38.502,2.0,3.733,1.0,10.012,2,5.716,1.0,6.243,2.0,32.323,3,42.825,1.0,3.348,104.2,1.0,1.0,1.0,54.941,1,4,2,4,1,1,2,3,3,3,3,1,2,1.0,6.451,2.0,9.804,2.0,3.671,2.0,2.996,1.0,14.193,2.0,2.294,39.409,0.0,0.0,24.0,85.244,0.0,0.0,24.0,237.793,1.0,5.0,5.0,5.0,1.0,1.0,1.0,5.0,1.0,3.683,3.65,2.899,3.214,3.684,4.102,4.68,5.798,4.18,59.961,46.154,57.143,68.571,0,38.2564575,54.22687500000001,47.5413025,0,0.0,0.0,0.0,0.0,0.0,0.0,0.0,0.0,0.0,0.0,0.0,0.0,0.0,0.0,0.0,0.0,0.0,0.0,0.0,0.0,0.0,0.0,0.0,0.0,0.0,0.0,0.0,0.0,0.0,0.0,0.0,0.0,0.0,0.0,0.0,0.0,0.0,0.0,0.0,0.0,0.0,0.0,0.0,1.0,0.0,0.0,0.0,0.0,0.0,0.0,0.0,0.0,0.0,0.0,0.0,0.0,0.0,0.0,0.0,0.0,0.0,0.0,0.0,0.0,0.0,0.0,0.0,0.0,0.0,0.0,0.0,0.0,0.0,0.0,0.0,0.0,0.0,0.0,0.0,0.0,0.0,0.0,0.0,0.0,0.0,0.0,0.0,0.0,0.0,0.0,0.0,0.0,0.0,0.0,0.0,0.0,0.0,0.0,0.0,0.0,0.0,0.0,1.0,1.0,0.0,0.0,0.0,0.0,0.0,0.0,0.0,0.0,0.0,0.0,0.0,0.0,0.0,0.0,0.0,0.0,0.0,0.0,0.0,0.0,0.0,0.0,0.0,0.0,0.0,0.0,0.0,0.0,0.0,0.0,0.0,0.0,0.0,0.0,0.0,0.0,0.0,0.0,0.0,0.0,0.0,0.0,0.0,0.0,0.0,0.0,0.0,0.0,0.0,0.0,0.0,0.0,0.0,0.0,0.0,0.0,0.0,0.0,0.0,0.0,0.0,0.0,0.0,0.0,0.0,0.0,0.0,0.0,0.0,0.0,0.0,0.0,0.0,0.0,0.0,0.0,0.0,0.0,0.0,0.0,0.0,0.0,0.0,0.0,0.0,0.0,0.0,0.0,0.0,0.0,0.0,0.0,0.0,0.0,0.0,0.0,0.0,0.0,0.0,0.0,0.0,0.0,0.0,0.0,0.0
1,0,0.35294117647059,2,4,FFFFFF,2,FFFFFF,2,FFFFFF,FFFFFF,FFFFFF,FFFFFF,5,3.0,0.0,16.0,32.516,2.0,2.0,12.0,14.88,3.0,0.0,14.0,11.332,8,2,42,58.728,4.0,2.366,4.0,1.684,2,2.349,4.0,19.829,4.0,13.866,3,4.118,4.0,11.398,55.61,2.0,1.0,1.0,20.562,1,3,2,4,5,5,4,5,5,5,5,5,1,4.0,3.3,3.0,3.7,4.0,1.4,3.0,1.7,4.0,1.3,3.0,1.1,12.5,0.0,0.0,24.0,54.131,13.0,0.0,24.0,151.868,5.0,5.0,1.0,5.0,5.0,5.0,5.0,5.0,5.0,7.116,6.317,6.65,5.4,4.016,3.05,7.864,4.883,4.333,72.777,0.0,0.0,68.571,0,16.990279999999988,23.606935000000007,86.82511749999996,5,0.0,0.0,0.0,0.0,0.0,0.0,0.0,0.0,0.0,0.0,0.0,0.0,0.0,0.0,0.0,0.0,0.0,0.0,0.0,0.0,0.0,0.0,0.0,0.0,0.0,0.0,0.0,0.0,0.0,0.0,0.0,0.0,0.0,0.0,0.0,0.0,0.0,0.0,0.0,0.0,0.0,0.0,1.0,0.0,0.0,0.0,0.0,0.0,0.0,0.0,0.0,0.0,0.0,0.0,0.0,0.0,0.0,0.0,0.0,0.0,0.0,0.0,0.0,0.0,0.0,0.0,0.0,0.0,0.0,0.0,0.0,0.0,0.0,0.0,0.0,0.0,0.0,0.0,0.0,0.0,0.0,1.0,0.0,0.0,0.0,0.0,0.0,0.0,0.0,0.0,0.0,0.0,0.0,0.0,0.0,0.0,0.0,0.0,0.0,0.0,0.0,0.0,1.0,0.0,0.0,0.0,0.0,0.0,0.0,0.0,0.0,0.0,0.0,0.0,0.0,0.0,0.0,0.0,0.0,0.0,0.0,0.0,0.0,0.0,0.0,0.0,0.0,0.0,0.0,0.0,0.0,0.0,1.0,0.0,0.0,0.0,0.0,0.0,0.0,0.0,0.0,0.0,0.0,0.0,0.0,0.0,0.0,0.0,0.0,0.0,0.0,0.0,0.0,0.0,0.0,0.0,0.0,0.0,0.0,0.0,0.0,0.0,0.0,0.0,0.0,0.0,0.0,0.0,1.0,0.0,0.0,0.0,0.0,0.0,0.0,0.0,0.0,0.0,0.0,0.0,0.0,0.0,0.0,0.0,0.0,0.0,0.0,0.0,0.0,0.0,0.0,0.0,0.0,0.0,0.0,0.0,0.0,0.0,0.0,0.0,0.0,0.0,0.0,0.0,0.0,0.0,0.0,0.0,1.0
3,1,0.58823529411765,3,2,FFFFFF,3,FFFFFF,1,FFFFFF,FFFFFF,FFFFFF,FFFFFF,0,3.0,0.0,16.0,17.113,3.0,0.0,11.0,8.233,3.0,0.0,14.0,7.767,9,0,41,33.113,2.0,11.15,3.0,12.683,2,12.733,2.0,12.182,1.0,7.75,1,9.466,1.0,9.033,74.997,1.0,0.0,1.0,25.149,1,1,3,3,3,1,3,1,3,3,3,1,3,1.0,6.262,2.0,8.565,1.0,5.53,2.0,8.545,2.0,6.749,1.0,1.852,37.503,0.0,0.0,24.0,70.297,1.0,0.0,24.0,139.211,1.0,1.0,1.0,1.0,1.0,1.0,1.0,1.0,1.0,6.616,6.616,10.9,10.433,4.383,8.283,18.65,8.266,9.8,105.395,73.077,76.19,40.0,0,51.49555750000016,62.440307500000074,34.2874525,0,0.0,0.0,0.0,0.0,0.0,0.0,0.0,0.0,0.0,0.0,0.0,0.0,0.0,0.0,0.0,0.0,0.0,0.0,0.0,0.0,0.0,0.0,0.0,0.0,0.0,0.0,0.0,0.0,0.0,0.0,0.0,0.0,0.0,0.0,0.0,0.0,0.0,0.0,0.0,0.0,0.0,0.0,1.0,0.0,0.0,0.0,0.0,0.0,0.0,0.0,0.0,0.0,0.0,0.0,0.0,0.0,0.0,0.0,0.0,0.0,0.0,0.0,0.0,0.0,0.0,0.0,0.0,0.0,0.0,0.0,0.0,0.0,0.0,0.0,0.0,0.0,0.0,0.0,0.0,0.0,0.0,1.0,0.0,0.0,0.0,0.0,0.0,0.0,0.0,0.0,0.0,0.0,0.0,0.0,0.0,0.0,0.0,0.0,0.0,0.0,0.0,0.0,1.0,0.0,0.0,0.0,0.0,0.0,0.0,0.0,0.0,0.0,0.0,0.0,0.0,0.0,0.0,0.0,0.0,0.0,0.0,0.0,0.0,0.0,0.0,0.0,0.0,0.0,0.0,0.0,0.0,0.0,1.0,0.0,0.0,0.0,0.0,0.0,0.0,0.0,0.0,0.0,0.0,0.0,0.0,0.0,0.0,0.0,0.0,0.0,0.0,0.0,0.0,0.0,0.0,0.0,0.0,0.0,0.0,0.0,0.0,0.0,0.0,0.0,0.0,0.0,0.0,0.0,1.0,0.0,0.0,0.0,0.0,0.0,0.0,0.0,0.0,0.0,0.0,0.0,0.0,0.0,0.0,0.0,0.0,0.0,0.0,0.0,0.0,0.0,0.0,0.0,0.0,0.0,0.0,0.0,0.0,0.0,0.0,0.0,0.0,0.0,0.0,0.0,0.0,0.0,0.0,0.0,1.0
1,0,0.58823529411765,1,2,F19D5F,2,FFFFFF,2,FFFFFF,FFFFFF,FFFFFF,FFFFFF,5,6.0,6.0,13.0,45.297,0.0,9.0,14.0,37.771,3.0,6.0,14.0,29.825,9,21,41,112.893,4.0,18.531,3.0,18.018,1,10.73,4.0,14.737,4.0,7.449,4,8.045,4.0,17.726,95.236,2.0,2.0,1.0,27.569,2,3,2,5,5,5,5,5,5,5,5,5,3,4.0,3.896,4.0,2.598,2.0,3.299,4.0,1.297,3.0,2.495,4.0,2.199,15.784,0.0,0.0,24.0,91.885,22.0,0.0,10.0,300.0,5.0,5.0,5.0,5.0,5.0,5.0,1.0,5.0,5.0,10.448,7.831,8.517,6.585,5.847,10.263,8.564,9.349,10.148,106.528,23.077,47.619,85.714,0,25.252714999999963,35.845280000000045,66.10593,5,0.0,0.0,0.0,0.0,0.0,0.0,0.0,0.0,0.0,0.0,0.0,0.0,0.0,0.0,0.0,0.0,0.0,0.0,0.0,0.0,0.0,0.0,0.0,0.0,0.0,0.0,0.0,0.0,0.0,0.0,0.0,0.0,0.0,0.0,0.0,0.0,0.0,0.0,0.0,0.0,0.0,0.0,0.0,0.0,0.0,0.0,0.0,0.0,0.0,0.0,0.0,0.0,0.0,0.0,0.0,0.0,0.0,0.0,0.0,0.0,0.0,0.0,0.0,0.0,0.0,0.0,0.0,0.0,0.0,0.0,0.0,0.0,0.0,0.0,0.0,0.0,0.0,0.0,0.0,0.0,0.0,1.0,0.0,0.0,0.0,0.0,0.0,0.0,0.0,0.0,0.0,0.0,0.0,0.0,0.0,0.0,0.0,0.0,0.0,0.0,0.0,0.0,1.0,0.0,0.0,0.0,0.0,0.0,0.0,0.0,0.0,0.0,0.0,0.0,0.0,0.0,0.0,0.0,0.0,0.0,0.0,0.0,0.0,0.0,0.0,0.0,0.0,0.0,0.0,0.0,0.0,0.0,1.0,0.0,0.0,0.0,0.0,0.0,0.0,0.0,0.0,0.0,0.0,0.0,0.0,0.0,0.0,0.0,0.0,0.0,0.0,0.0,0.0,0.0,0.0,0.0,0.0,0.0,0.0,0.0,0.0,0.0,0.0,0.0,0.0,0.0,0.0,0.0,1.0,0.0,0.0,0.0,0.0,0.0,0.0,0.0,0.0,0.0,0.0,0.0,0.0,0.0,0.0,0.0,0.0,0.0,0.0,0.0,0.0,0.0,0.0,0.0,0.0,0.0,0.0,0.0,0.0,0.0,0.0,0.0,0.0,0.0,0.0,0.0,0.0,0.0,0.0,0.0,1.0
1,1,0.47058823529412,2,0,F5D588,10,612119,1,FFFFFF,5B382B,383F76,FF5EBF,2,19.0,4.0,0.0,62.347,12.0,0.0,2.0,55.147,14.0,0.0,3.0,0.0,45,4,5,117.494,4.0,10.949,1.0,10.766,1,4.45,1.0,10.516,1.0,4.384,4,3.366,1.0,4.433,48.864,1.0,1.0,2.0,14.716,2,1,3,3,5,4,5,4,5,5,5,5,5,1.0,3.094,4.0,7.161,0.0,3.495,4.0,7.943,1.0,7.861,4.0,3.494,33.048,0.0,0.0,24.0,38.701,0.0,0.0,24.0,55.199,1.0,1.0,5.0,1.0,1.0,1.0,1.0,5.0,5.0,3.167,4.55,9.566,6.017,3.283,5.333,3.7,5.0,3.267,64.495,65.385,80.952,48.571,0,50.20803750000004,55.02266500000007,49.66191750000001,2,0.0,0.0,0.0,0.0,0.0,0.0,0.0,0.0,0.0,0.0,0.0,0.0,0.0,0.0,0.0,0.0,0.0,0.0,0.0,0.0,0.0,0.0,0.0,0.0,0.0,0.0,0.0,0.0,0.0,0.0,0.0,0.0,0.0,0.0,0.0,0.0,0.0,0.0,0.0,0.0,0.0,0.0,0.0,0.0,0.0,0.0,0.0,0.0,0.0,0.0,0.0,0.0,0.0,0.0,0.0,0.0,0.0,0.0,0.0,0.0,0.0,0.0,0.0,0.0,0.0,0.0,0.0,0.0,0.0,0.0,0.0,0.0,0.0,0.0,0.0,0.0,0.0,0.0,0.0,0.0,0.0,0.0,0.0,0.0,0.0,0.0,0.0,0.0,0.0,0.0,0.0,0.0,0.0,0.0,0.0,0.0,0.0,0.0,0.0,0.0,0.0,0.0,1.0,0.0,0.0,0.0,0.0,0.0,0.0,0.0,0.0,0.0,0.0,0.0,0.0,0.0,0.0,0.0,0.0,0.0,0.0,0.0,0.0,0.0,0.0,0.0,0.0,0.0,0.0,0.0,0.0,0.0,0.0,0.0,0.0,0.0,0.0,0.0,0.0,0.0,0.0,0.0,0.0,0.0,0.0,0.0,0.0,0.0,0.0,0.0,0.0,0.0,0.0,0.0,0.0,0.0,0.0,0.0,0.0,0.0,0.0,0.0,0.0,0.0,0.0,0.0,0.0,0.0,0.0,0.0,0.0,0.0,0.0,0.0,0.0,0.0,0.0,0.0,0.0,0.0,0.0,0.0,0.0,0.0,0.0,0.0,0.0,0.0,0.0,0.0,0.0,0.0,0.0,0.0,0.0,0.0,0.0,0.0,0.0,0.0,0.0,0.0,0.0,0.0,0.0,0.0,0.0,0.0,0.0
1,1,0.47058823529412,1,0,FFFFFF,10,FFFFFF,2,FFFFFF,FFFFFF,FFFFFF,FFFFFF,2,7.0,1.0,12.0,41.149,0.0,6.0,14.0,55.63,2.0,0.0,15.0,13.749,9,7,41,110.528,2.0,4.133,1.0,10.15,1,36.907,2.0,17.882,1.0,21.382,1,6.133,2.0,6.017,102.604,1.0,1.0,0.0,17.715,1,2,1,1,1,1,1,1,1,1,1,1,3,0.0,2.7,1.0,3.9,1.0,0.6,1.0,0.5,1.0,0.4,1.0,0.8,8.9,2.0,0.0,24.0,124.894,2.0,0.0,24.0,177.508,1.0,1.0,1.0,1.0,1.0,1.0,1.0,1.0,1.0,4.101,4.816,4.45,4.749,6.065,4.334,3.982,6.483,6.033,69.362,92.308,90.476,0.0,0,73.56451000000001,81.67845500000011,33.37049749999999,2,0.0,0.0,0.0,0.0,0.0,0.0,0.0,0.0,0.0,0.0,0.0,0.0,0.0,0.0,0.0,0.0,0.0,0.0,0.0,0.0,0.0,0.0,0.0,0.0,0.0,0.0,0.0,0.0,0.0,0.0,0.0,0.0,0.0,0.0,0.0,0.0,0.0,0.0,0.0,0.0,0.0,0.0,1.0,0.0,0.0,0.0,0.0,0.0,0.0,0.0,0.0,0.0,0.0,0.0,0.0,0.0,0.0,0.0,0.0,0.0,0.0,0.0,0.0,0.0,0.0,0.0,0.0,0.0,0.0,0.0,0.0,0.0,0.0,0.0,0.0,0.0,0.0,0.0,0.0,0.0,0.0,1.0,0.0,0.0,0.0,0.0,0.0,0.0,0.0,0.0,0.0,0.0,0.0,0.0,0.0,0.0,0.0,0.0,0.0,0.0,0.0,0.0,1.0,0.0,0.0,0.0,0.0,0.0,0.0,0.0,0.0,0.0,0.0,0.0,0.0,0.0,0.0,0.0,0.0,0.0,0.0,0.0,0.0,0.0,0.0,0.0,0.0,0.0,0.0,0.0,0.0,0.0,1.0,0.0,0.0,0.0,0.0,0.0,0.0,0.0,0.0,0.0,0.0,0.0,0.0,0.0,0.0,0.0,0.0,0.0,0.0,0.0,0.0,0.0,0.0,0.0,0.0,0.0,0.0,0.0,0.0,0.0,0.0,0.0,0.0,0.0,0.0,0.0,1.0,0.0,0.0,0.0,0.0,0.0,0.0,0.0,0.0,0.0,0.0,0.0,0.0,0.0,0.0,0.0,0.0,0.0,0.0,0.0,0.0,0.0,0.0,0.0,0.0,0.0,0.0,0.0,0.0,0.0,0.0,0.0,0.0,0.0,0.0,0.0,0.0,0.0,0.0,0.0,1.0
3,0,0.58823529411765,1,2,C37F52,6,311A0B,2,FD007A,6E4222,E880A3,D57696,2,17.0,27.0,2.0,84.73,6.0,23.0,8.0,51.281,6.0,13.0,11.0,0.0,29,63,21,136.011,4.0,1.549,3.0,18.566,2,13.066,3.0,14.116,3.0,4.917,4,8.433,4.0,7.266,67.913,1.0,1.0,1.0,26.882,1,3,2,5,5,5,5,5,5,5,5,1,1,3.0,8.7,4.0,5.4,3.0,4.4,3.0,11.6,3.0,3.3,3.0,3.7,37.1,0.0,0.0,24.0,58.881,5.0,0.0,24.0,115.594,5.0,5.0,5.0,5.0,5.0,5.0,5.0,5.0,5.0,6.751,4.716,10.666,12.548,9.867,11.433,8.867,7.5,10.431,106.412,19.231,42.857,82.857,0,14.476747499999938,22.106917500000026,80.27328499999996,2,0.0,0.0,0.0,0.0,0.0,0.0,0.0,0.0,0.0,0.0,0.0,0.0,0.0,0.0,0.0,0.0,0.0,0.0,0.0,0.0,0.0,0.0,0.0,0.0,0.0,0.0,0.0,0.0,0.0,0.0,0.0,0.0,0.0,0.0,0.0,0.0,0.0,0.0,0.0,0.0,0.0,0.0,0.0,0.0,0.0,0.0,0.0,0.0,0.0,0.0,0.0,0.0,0.0,0.0,0.0,0.0,0.0,0.0,0.0,0.0,0.0,0.0,0.0,0.0,0.0,0.0,0.0,0.0,0.0,0.0,0.0,0.0,0.0,0.0,0.0,0.0,0.0,0.0,0.0,0.0,0.0,0.0,0.0,0.0,0.0,0.0,0.0,0.0,0.0,0.0,0.0,0.0,0.0,0.0,0.0,0.0,0.0,0.0,0.0,0.0,0.0,0.0,0.0,0.0,0.0,0.0,0.0,0.0,0.0,0.0,0.0,0.0,0.0,0.0,0.0,0.0,0.0,0.0,0.0,0.0,0.0,0.0,0.0,0.0,0.0,0.0,0.0,0.0,0.0,0.0,0.0,0.0,0.0,0.0,0.0,0.0,0.0,0.0,0.0,0.0,0.0,0.0,0.0,0.0,0.0,0.0,0.0,0.0,0.0,0.0,0.0,0.0,0.0,0.0,0.0,0.0,0.0,0.0,0.0,0.0,0.0,0.0,0.0,0.0,0.0,0.0,0.0,0.0,0.0,0.0,0.0,0.0,0.0,0.0,0.0,0.0,0.0,0.0,0.0,0.0,0.0,0.0,0.0,0.0,0.0,0.0,0.0,0.0,0.0,0.0,0.0,0.0,0.0,0.0,0.0,0.0,0.0,0.0,0.0,0.0,0.0,0.0,0.0,0.0,0.0,0.0,0.0,0.0,0.0
1,0,0.35294117647059,2,5,FFFFFF,11,FFFFFF,2,FFFFFF,FFFFFF,FFFFFF,FFFFFF,5,6.0,7.0,13.0,39.256,2.0,1.0,12.0,9.133,0.0,3.0,17.0,10.649,8,11,42,59.038,4.0,0.983,1.0,1.933,3,1.734,1.0,12.132,3.0,2.434,1,5.433,3.0,1.407,26.056,3.0,2.0,3.0,46.882,2,1,2,5,5,5,5,5,5,5,5,3,1,4.0,2.333,4.0,2.715,4.0,1.682,4.0,2.217,4.0,0.116,4.0,0.066,9.129,0.0,0.0,24.0,118.494,0.0,0.0,24.0,208.401,1.0,5.0,5.0,5.0,5.0,5.0,5.0,5.0,1.0,46.732,33.024,15.532,7.067,4.3,11.267,19.441,6.783,3.966,171.816,19.231,52.381,85.714,0,18.08810749999995,25.11897750000001,76.49803249999997,5,0.0,0.0,0.0,0.0,0.0,0.0,0.0,0.0,0.0,0.0,0.0,0.0,0.0,0.0,0.0,0.0,0.0,0.0,0.0,0.0,0.0,0.0,0.0,0.0,0.0,0.0,0.0,0.0,0.0,0.0,0.0,0.0,0.0,0.0,0.0,0.0,0.0,0.0,0.0,0.0,0.0,0.0,1.0,0.0,0.0,0.0,0.0,0.0,0.0,0.0,0.0,0.0,0.0,0.0,0.0,0.0,0.0,0.0,0.0,0.0,0.0,0.0,0.0,0.0,0.0,0.0,0.0,0.0,0.0,0.0,0.0,0.0,0.0,0.0,0.0,0.0,0.0,0.0,0.0,0.0,0.0,1.0,0.0,0.0,0.0,0.0,0.0,0.0,0.0,0.0,0.0,0.0,0.0,0.0,0.0,0.0,0.0,0.0,0.0,0.0,0.0,0.0,1.0,0.0,0.0,0.0,0.0,0.0,0.0,0.0,0.0,0.0,0.0,0.0,0.0,0.0,0.0,0.0,0.0,0.0,0.0,0.0,0.0,0.0,0.0,0.0,0.0,0.0,0.0,0.0,0.0,0.0,1.0,0.0,0.0,0.0,0.0,0.0,0.0,0.0,0.0,0.0,0.0,0.0,0.0,0.0,0.0,0.0,0.0,0.0,0.0,0.0,0.0,0.0,0.0,0.0,0.0,0.0,0.0,0.0,0.0,0.0,0.0,0.0,0.0,0.0,0.0,0.0,1.0,0.0,0.0,0.0,0.0,0.0,0.0,0.0,0.0,0.0,0.0,0.0,0.0,0.0,0.0,0.0,0.0,0.0,0.0,0.0,0.0,0.0,0.0,0.0,0.0,0.0,0.0,0.0,0.0,0.0,0.0,0.0,0.0,0.0,0.0,0.0,0.0,0.0,0.0,0.0,1.0
1,0,0.47058823529412,0,0,FFFFFF,0,FFFFFF,0,FFFFFF,FFFFFF,FFFFFF,FFFFFF,0,0.0,0.0,19.0,5.817,0.0,0.0,14.0,3.25,0.0,0.0,17.0,2.333,0,0,50,11.4,4.0,3.434,2.0,8.033,4,6.566,1.0,164.321,4.0,7.25,2,4.016,3.0,4.817,198.437,2.0,2.0,3.0,26.981,2,3,1,5,5,5,5,5,5,5,5,5,1,2.0,3.0,4.0,1.6,4.0,1.9,3.0,1.6,4.0,2.6,4.0,1.6,12.3,3.0,0.0,24.0,177.47,9.0,0.0,24.0,297.723,1.0,5.0,5.0,1.0,5.0,5.0,5.0,1.0,5.0,9.083,2.841,2.232,2.482,1.484,2.948,3.633,6.333,3.283,60.938,11.538,23.81,100.0,0,20.97476749999998,31.66647750000003,78.82759249999995,0,0.0,0.0,0.0,0.0,0.0,0.0,0.0,0.0,0.0,0.0,0.0,0.0,0.0,0.0,0.0,0.0,0.0,0.0,0.0,0.0,0.0,0.0,0.0,0.0,0.0,0.0,0.0,0.0,0.0,0.0,0.0,0.0,0.0,0.0,0.0,0.0,0.0,0.0,0.0,0.0,0.0,0.0,1.0,0.0,0.0,0.0,0.0,0.0,0.0,0.0,0.0,0.0,0.0,0.0,0.0,0.0,0.0,0.0,0.0,0.0,0.0,0.0,0.0,0.0,0.0,0.0,0.0,0.0,0.0,0.0,0.0,0.0,0.0,0.0,0.0,0.0,0.0,0.0,0.0,0.0,0.0,1.0,0.0,0.0,0.0,0.0,0.0,0.0,0.0,0.0,0.0,0.0,0.0,0.0,0.0,0.0,0.0,0.0,0.0,0.0,0.0,0.0,1.0,0.0,0.0,0.0,0.0,0.0,0.0,0.0,0.0,0.0,0.0,0.0,0.0,0.0,0.0,0.0,0.0,0.0,0.0,0.0,0.0,0.0,0.0,0.0,0.0,0.0,0.0,0.0,0.0,0.0,1.0,0.0,0.0,0.0,0.0,0.0,0.0,0.0,0.0,0.0,0.0,0.0,0.0,0.0,0.0,0.0,0.0,0.0,0.0,0.0,0.0,0.0,0.0,0.0,0.0,0.0,0.0,0.0,0.0,0.0,0.0,0.0,0.0,0.0,0.0,0.0,1.0,0.0,0.0,0.0,0.0,0.0,0.0,0.0,0.0,0.0,0.0,0.0,0.0,0.0,0.0,0.0,0.0,0.0,0.0,0.0,0.0,0.0,0.0,0.0,0.0,0.0,0.0,0.0,0.0,0.0,0.0,0.0,0.0,0.0,0.0,0.0,0.0,0.0,0.0,0.0,1.0
3,0,0.35294117647059,0,0,FFFFFF,0,FFFFFF,0,FFFFFF,FFFFFF,FFFFFF,FFFFFF,0,3.0,0.0,16.0,16.399,0.0,0.0,14.0,2.533,0.0,0.0,17.0,3.199,3,0,47,22.131,2.0,2.583,3.0,2.617,4,8.3,1.0,9.149,4.0,9.2,3,13.366,4.0,6.083,51.298,2.0,1.0,1.0,32.75,1,3,2,5,5,5,5,5,5,5,5,5,1,4.0,5.4,4.0,1.8,4.0,2.3,3.0,1.0,4.0,3.0,4.0,4.5,18.0,1.0,0.0,24.0,64.364,3.0,0.0,24.0,124.244,5.0,5.0,5.0,1.0,5.0,5.0,5.0,5.0,5.0,4.501,7.066,5.299,7.6,4.616,9.15,5.633,5.55,5.999,86.896,11.538,4.762,57.143,0,20.309440000000016,29.499502500000016,77.89024249999994,0,0.0,0.0,0.0,0.0,0.0,0.0,0.0,0.0,0.0,0.0,0.0,0.0,0.0,0.0,0.0,0.0,0.0,0.0,0.0,0.0,0.0,0.0,0.0,0.0,0.0,0.0,0.0,0.0,0.0,0.0,0.0,0.0,0.0,0.0,0.0,0.0,0.0,0.0,0.0,0.0,0.0,0.0,1.0,0.0,0.0,0.0,0.0,0.0,0.0,0.0,0.0,0.0,0.0,0.0,0.0,0.0,0.0,0.0,0.0,0.0,0.0,0.0,0.0,0.0,0.0,0.0,0.0,0.0,0.0,0.0,0.0,0.0,0.0,0.0,0.0,0.0,0.0,0.0,0.0,0.0,0.0,1.0,0.0,0.0,0.0,0.0,0.0,0.0,0.0,0.0,0.0,0.0,0.0,0.0,0.0,0.0,0.0,0.0,0.0,0.0,0.0,0.0,1.0,0.0,0.0,0.0,0.0,0.0,0.0,0.0,0.0,0.0,0.0,0.0,0.0,0.0,0.0,0.0,0.0,0.0,0.0,0.0,0.0,0.0,0.0,0.0,0.0,0.0,0.0,0.0,0.0,0.0,1.0,0.0,0.0,0.0,0.0,0.0,0.0,0.0,0.0,0.0,0.0,0.0,0.0,0.0,0.0,0.0,0.0,0.0,0.0,0.0,0.0,0.0,0.0,0.0,0.0,0.0,0.0,0.0,0.0,0.0,0.0,0.0,0.0,0.0,0.0,0.0,1.0,0.0,0.0,0.0,0.0,0.0,0.0,0.0,0.0,0.0,0.0,0.0,0.0,0.0,0.0,0.0,0.0,0.0,0.0,0.0,0.0,0.0,0.0,0.0,0.0,0.0,0.0,0.0,0.0,0.0,0.0,0.0,0.0,0.0,0.0,0.0,0.0,0.0,0.0,0.0,1.0
3,0,0.47058823529412,3,2,FFFFFF,2,FFFFFF,1,FFFFFF,FFFFFF,FFFFFF,FFFFFF,2,3.0,1.0,16.0,29.765,3.0,0.0,11.0,14.166,3.0,0.0,14.0,10.4,9,1,41,54.331,2.0,19.049,1.0,13.415,2,9.716,2.0,7.1,3.0,8.116,3,3.967,2.0,37.549,98.912,1.0,1.0,1.0,24.816,1,2,3,2,2,1,3,3,3,2,3,1,5,1.0,4.376,1.0,2.445,1.0,0.732,1.0,1.915,1.0,2.016,1.0,1.165,12.649,2.0,0.0,24.0,71.247,1.0,0.0,24.0,120.478,1.0,1.0,1.0,1.0,1.0,1.0,1.0,1.0,5.0,7.549,11.183,4.75,5.733,5.499,6.833,4.433,6.867,6.317,82.113,53.846,42.857,48.571,0,48.94085000000015,65.80966250000004,49.11055249999998,2,0.0,0.0,0.0,0.0,0.0,0.0,0.0,0.0,0.0,0.0,0.0,0.0,0.0,0.0,0.0,0.0,0.0,0.0,0.0,0.0,0.0,0.0,0.0,0.0,0.0,0.0,0.0,0.0,0.0,0.0,0.0,0.0,0.0,0.0,0.0,0.0,0.0,0.0,0.0,0.0,0.0,0.0,1.0,0.0,0.0,0.0,0.0,0.0,0.0,0.0,0.0,0.0,0.0,0.0,0.0,0.0,0.0,0.0,0.0,0.0,0.0,0.0,0.0,0.0,0.0,0.0,0.0,0.0,0.0,0.0,0.0,0.0,0.0,0.0,0.0,0.0,0.0,0.0,0.0,0.0,0.0,1.0,0.0,0.0,0.0,0.0,0.0,0.0,0.0,0.0,0.0,0.0,0.0,0.0,0.0,0.0,0.0,0.0,0.0,0.0,0.0,0.0,1.0,0.0,0.0,0.0,0.0,0.0,0.0,0.0,0.0,0.0,0.0,0.0,0.0,0.0,0.0,0.0,0.0,0.0,0.0,0.0,0.0,0.0,0.0,0.0,0.0,0.0,0.0,0.0,0.0,0.0,1.0,0.0,0.0,0.0,0.0,0.0,0.0,0.0,0.0,0.0,0.0,0.0,0.0,0.0,0.0,0.0,0.0,0.0,0.0,0.0,0.0,0.0,0.0,0.0,0.0,0.0,0.0,0.0,0.0,0.0,0.0,0.0,0.0,0.0,0.0,0.0,1.0,0.0,0.0,0.0,0.0,0.0,0.0,0.0,0.0,0.0,0.0,0.0,0.0,0.0,0.0,0.0,0.0,0.0,0.0,0.0,0.0,0.0,0.0,0.0,0.0,0.0,0.0,0.0,0.0,0.0,0.0,0.0,0.0,0.0,0.0,0.0,0.0,0.0,0.0,0.0,1.0
3,1,0.52941176470588,1,2,FFFFFF,13,FFFFFF,1,FFFFFF,FFFFFF,FFFFFF,FFFFFF,0,17.0,1.0,2.0,59.665,5.0,2.0,9.0,58.481,8.0,1.0,9.0,0.0,30,4,20,118.146,4.0,7.033,4.0,13.148,2,13.116,4.0,17.733,1.0,2.916,4,3.517,1.0,11.432,68.895,2.0,2.0,3.0,15.932,2,1,2,3,4,3,3,4,4,5,5,5,1,3.0,11.295,4.0,5.032,0.0,10.611,2.0,8.11,3.0,15.66,4.0,7.783,58.491,0.0,0.0,24.0,79.914,5.0,0.0,24.0,166.675,5.0,5.0,-1.0,-1.0,5.0,5.0,-1.0,5.0,5.0,6.817,4.733,-1.0,-1.0,9.566,113.711,-1.0,6.249,9.666,180.0,46.154,66.667,71.429,0,31.291760000000007,47.356965,59.7678575,0,0.0,0.0,0.0,0.0,0.0,0.0,0.0,0.0,0.0,0.0,0.0,0.0,0.0,0.0,0.0,0.0,0.0,0.0,0.0,0.0,0.0,0.0,0.0,0.0,0.0,0.0,0.0,0.0,0.0,0.0,0.0,0.0,0.0,0.0,0.0,0.0,0.0,0.0,0.0,0.0,0.0,0.0,1.0,0.0,0.0,0.0,0.0,0.0,0.0,0.0,0.0,0.0,0.0,0.0,0.0,0.0,0.0,0.0,0.0,0.0,0.0,0.0,0.0,0.0,0.0,0.0,0.0,0.0,0.0,0.0,0.0,0.0,0.0,0.0,0.0,0.0,0.0,0.0,0.0,0.0,0.0,1.0,0.0,0.0,0.0,0.0,0.0,0.0,0.0,0.0,0.0,0.0,0.0,0.0,0.0,0.0,0.0,0.0,0.0,0.0,0.0,0.0,1.0,0.0,0.0,0.0,0.0,0.0,0.0,0.0,0.0,0.0,0.0,0.0,0.0,0.0,0.0,0.0,0.0,0.0,0.0,0.0,0.0,0.0,0.0,0.0,0.0,0.0,0.0,0.0,0.0,0.0,1.0,0.0,0.0,0.0,0.0,0.0,0.0,0.0,0.0,0.0,0.0,0.0,0.0,0.0,0.0,0.0,0.0,0.0,0.0,0.0,0.0,0.0,0.0,0.0,0.0,0.0,0.0,0.0,0.0,0.0,0.0,0.0,0.0,0.0,0.0,0.0,1.0,0.0,0.0,0.0,0.0,0.0,0.0,0.0,0.0,0.0,0.0,0.0,0.0,0.0,0.0,0.0,0.0,0.0,0.0,0.0,0.0,0.0,0.0,0.0,0.0,0.0,0.0,0.0,0.0,0.0,0.0,0.0,0.0,0.0,0.0,0.0,0.0,0.0,0.0,0.0,1.0
